<contentCompletionElementsMap 
     xmlns:xsi="http://www.w3.org/2001/XMLSchema-instance"
     xsi:schemaLocation="http://www.oxygenxml.com/ns/ccfilter/annotations http://www.oxygenxml.com/ns/ccfilter/annotations/ccAnnotationsSchemaFilter.xsd"
     xmlns="http://www.oxygenxml.com/ns/ccfilter/annotations"
    redirectURLPrefix="https://www.oxygenxml.com/redirect-url.php?url="
    htmlContentFilterStylesheet="contentFilter.xsl">
    <mappingGroup xml:base="https://www.tei-c.org/release/doc/tei-p5-doc/en/html/">
        <mapping elementName="ab" path="ref-ab.html" type="link" linkText="TEI Guidelines"/>
        <mapping elementName="abbr" path="ref-abbr.html" type="link" linkText="TEI Guidelines"/>
        <mapping elementName="accMat" path="ref-accMat.html" type="link" linkText="TEI Guidelines"/>
        <mapping elementName="acquisition" path="ref-acquisition.html" type="link" linkText="TEI Guidelines"/>
        <mapping elementName="activity" path="ref-activity.html" type="link" linkText="TEI Guidelines"/>
        <mapping elementName="actor" path="ref-actor.html" type="link" linkText="TEI Guidelines"/>
        <mapping elementName="add" path="ref-add.html" type="link" linkText="TEI Guidelines"/>
        <mapping elementName="additional" path="ref-additional.html" type="link" linkText="TEI Guidelines"/>
        <mapping elementName="additions" path="ref-additions.html" type="link" linkText="TEI Guidelines"/>
        <mapping elementName="addName" path="ref-addName.html" type="link" linkText="TEI Guidelines"/>
        <mapping elementName="address" path="ref-address.html" type="link" linkText="TEI Guidelines"/>
        <mapping elementName="addrLine" path="ref-addrLine.html" type="link" linkText="TEI Guidelines"/>
        <mapping elementName="addSpan" path="ref-addSpan.html" type="link" linkText="TEI Guidelines"/>
        <mapping elementName="adminInfo" path="ref-adminInfo.html" type="link" linkText="TEI Guidelines"/>
        <mapping elementName="affiliation" path="ref-affiliation.html" type="link" linkText="TEI Guidelines"/>
        <mapping elementName="age" path="ref-age.html" type="link" linkText="TEI Guidelines"/>
        <mapping elementName="alt" path="ref-alt.html" type="link" linkText="TEI Guidelines"/>
        <mapping elementName="altGrp" path="ref-altGrp.html" type="link" linkText="TEI Guidelines"/>
        <mapping elementName="altIdent" path="ref-altIdent.html" type="link" linkText="TEI Guidelines"/>
        <mapping elementName="altIdentifier" path="ref-altIdentifier.html" type="link" linkText="TEI Guidelines"/>
        <mapping elementName="am" path="ref-am.html" type="link" linkText="TEI Guidelines"/>
        <mapping elementName="analytic" path="ref-analytic.html" type="link" linkText="TEI Guidelines"/>
        <mapping elementName="anchor" path="ref-anchor.html" type="link" linkText="TEI Guidelines"/>
        <mapping elementName="app" path="ref-app.html" type="link" linkText="TEI Guidelines"/>
        <mapping elementName="appInfo" path="ref-appInfo.html" type="link" linkText="TEI Guidelines"/>
        <mapping elementName="application" path="ref-application.html" type="link" linkText="TEI Guidelines"/>
        <mapping elementName="arc" path="ref-arc.html" type="link" linkText="TEI Guidelines"/>
        <mapping elementName="argument" path="ref-argument.html" type="link" linkText="TEI Guidelines"/>
        <mapping elementName="att" path="ref-att.html" type="link" linkText="TEI Guidelines"/>
        <mapping elementName="attDef" path="ref-attDef.html" type="link" linkText="TEI Guidelines"/>
        <mapping elementName="attList" path="ref-attList.html" type="link" linkText="TEI Guidelines"/>
        <mapping elementName="attRef" path="ref-attRef.html" type="link" linkText="TEI Guidelines"/>
        <mapping elementName="author" path="ref-author.html" type="link" linkText="TEI Guidelines"/>
        <mapping elementName="authority" path="ref-authority.html" type="link" linkText="TEI Guidelines"/>
        <mapping elementName="availability" path="ref-availability.html" type="link" linkText="TEI Guidelines"/>
        <mapping elementName="back" path="ref-back.html" type="link" linkText="TEI Guidelines"/>
        <mapping elementName="bibl" path="ref-bibl.html" type="link" linkText="TEI Guidelines"/>
        <mapping elementName="biblFull" path="ref-biblFull.html" type="link" linkText="TEI Guidelines"/>
        <mapping elementName="biblScope" path="ref-biblScope.html" type="link" linkText="TEI Guidelines"/>
        <mapping elementName="biblStruct" path="ref-biblStruct.html" type="link" linkText="TEI Guidelines"/>
        <mapping elementName="bicond" path="ref-bicond.html" type="link" linkText="TEI Guidelines"/>
        <mapping elementName="binary" path="ref-binary.html" type="link" linkText="TEI Guidelines"/>
        <mapping elementName="binaryObject" path="ref-binaryObject.html" type="link" linkText="TEI Guidelines"/>
        <mapping elementName="binding" path="ref-binding.html" type="link" linkText="TEI Guidelines"/>
        <mapping elementName="bindingDesc" path="ref-bindingDesc.html" type="link" linkText="TEI Guidelines"/>
        <mapping elementName="birth" path="ref-birth.html" type="link" linkText="TEI Guidelines"/>
        <mapping elementName="bloc" path="ref-bloc.html" type="link" linkText="TEI Guidelines"/>
        <mapping elementName="body" path="ref-body.html" type="link" linkText="TEI Guidelines"/>
        <mapping elementName="broadcast" path="ref-broadcast.html" type="link" linkText="TEI Guidelines"/>
        <mapping elementName="byline" path="ref-byline.html" type="link" linkText="TEI Guidelines"/>
        <mapping elementName="c" path="ref-c.html" type="link" linkText="TEI Guidelines"/>
        <mapping elementName="caesura" path="ref-caesura.html" type="link" linkText="TEI Guidelines"/>
        <mapping elementName="calendar" path="ref-calendar.html" type="link" linkText="TEI Guidelines"/>
        <mapping elementName="calendarDesc" path="ref-calendarDesc.html" type="link" linkText="TEI Guidelines"/>
        <mapping elementName="camera" path="ref-camera.html" type="link" linkText="TEI Guidelines"/>
        <mapping elementName="caption" path="ref-caption.html" type="link" linkText="TEI Guidelines"/>
        <mapping elementName="case" path="ref-case.html" type="link" linkText="TEI Guidelines"/>
        <mapping elementName="castGroup" path="ref-castGroup.html" type="link" linkText="TEI Guidelines"/>
        <mapping elementName="castItem" path="ref-castItem.html" type="link" linkText="TEI Guidelines"/>
        <mapping elementName="castList" path="ref-castList.html" type="link" linkText="TEI Guidelines"/>
        <mapping elementName="catchwords" path="ref-catchwords.html" type="link" linkText="TEI Guidelines"/>
        <mapping elementName="catDesc" path="ref-catDesc.html" type="link" linkText="TEI Guidelines"/>
        <mapping elementName="category" path="ref-category.html" type="link" linkText="TEI Guidelines"/>
        <mapping elementName="catRef" path="ref-catRef.html" type="link" linkText="TEI Guidelines"/>
        <mapping elementName="cb" path="ref-cb.html" type="link" linkText="TEI Guidelines"/>
        <mapping elementName="cell" path="ref-cell.html" type="link" linkText="TEI Guidelines"/>
        <mapping elementName="certainty" path="ref-certainty.html" type="link" linkText="TEI Guidelines"/>
        <mapping elementName="change" path="ref-change.html" type="link" linkText="TEI Guidelines"/>
        <mapping elementName="channel" path="ref-channel.html" type="link" linkText="TEI Guidelines"/>
        <mapping elementName="char" path="ref-char.html" type="link" linkText="TEI Guidelines"/>
        <mapping elementName="charDecl" path="ref-charDecl.html" type="link" linkText="TEI Guidelines"/>
        <mapping elementName="charName" path="ref-charName.html" type="link" linkText="TEI Guidelines"/>
        <mapping elementName="charProp" path="ref-charProp.html" type="link" linkText="TEI Guidelines"/>
        <mapping elementName="choice" path="ref-choice.html" type="link" linkText="TEI Guidelines"/>
        <mapping elementName="cit" path="ref-cit.html" type="link" linkText="TEI Guidelines"/>
        <mapping elementName="citedRange" path="ref-citedRange.html" type="link" linkText="TEI Guidelines"/>
        <mapping elementName="cl" path="ref-cl.html" type="link" linkText="TEI Guidelines"/>
        <mapping elementName="classCode" path="ref-classCode.html" type="link" linkText="TEI Guidelines"/>
        <mapping elementName="classDecl" path="ref-classDecl.html" type="link" linkText="TEI Guidelines"/>
        <mapping elementName="classes" path="ref-classes.html" type="link" linkText="TEI Guidelines"/>
        <mapping elementName="classRef" path="ref-classRef.html" type="link" linkText="TEI Guidelines"/>
        <mapping elementName="classSpec" path="ref-classSpec.html" type="link" linkText="TEI Guidelines"/>
        <mapping elementName="climate" path="ref-climate.html" type="link" linkText="TEI Guidelines"/>
        <mapping elementName="closer" path="ref-closer.html" type="link" linkText="TEI Guidelines"/>
        <mapping elementName="code" path="ref-code.html" type="link" linkText="TEI Guidelines"/>
        <mapping elementName="collation" path="ref-collation.html" type="link" linkText="TEI Guidelines"/>
        <mapping elementName="collection" path="ref-collection.html" type="link" linkText="TEI Guidelines"/>
        <mapping elementName="colloc" path="ref-colloc.html" type="link" linkText="TEI Guidelines"/>
        <mapping elementName="colophon" path="ref-colophon.html" type="link" linkText="TEI Guidelines"/>
        <mapping elementName="cond" path="ref-cond.html" type="link" linkText="TEI Guidelines"/>
        <mapping elementName="condition" path="ref-condition.html" type="link" linkText="TEI Guidelines"/>
        <mapping elementName="constitution" path="ref-constitution.html" type="link" linkText="TEI Guidelines"/>
        <mapping elementName="constraint" path="ref-constraint.html" type="link" linkText="TEI Guidelines"/>
        <mapping elementName="constraintSpec" path="ref-constraintSpec.html" type="link" linkText="TEI Guidelines"/>
        <mapping elementName="content" path="ref-content.html" type="link" linkText="TEI Guidelines"/>
        <mapping elementName="corr" path="ref-corr.html" type="link" linkText="TEI Guidelines"/>
        <mapping elementName="correction" path="ref-correction.html" type="link" linkText="TEI Guidelines"/>
        <mapping elementName="country" path="ref-country.html" type="link" linkText="TEI Guidelines"/>
        <mapping elementName="creation" path="ref-creation.html" type="link" linkText="TEI Guidelines"/>
        <mapping elementName="cRefPattern" path="ref-cRefPattern.html" type="link" linkText="TEI Guidelines"/>
        <mapping elementName="custEvent" path="ref-custEvent.html" type="link" linkText="TEI Guidelines"/>
        <mapping elementName="custodialHist" path="ref-custodialHist.html" type="link" linkText="TEI Guidelines"/>
        <mapping elementName="damage" path="ref-damage.html" type="link" linkText="TEI Guidelines"/>
        <mapping elementName="damageSpan" path="ref-damageSpan.html" type="link" linkText="TEI Guidelines"/>
        <mapping elementName="datatype" path="ref-datatype.html" type="link" linkText="TEI Guidelines"/>
        <mapping elementName="date" path="ref-date.html" type="link" linkText="TEI Guidelines"/>
        <mapping elementName="dateline" path="ref-dateline.html" type="link" linkText="TEI Guidelines"/>
        <mapping elementName="death" path="ref-death.html" type="link" linkText="TEI Guidelines"/>
        <mapping elementName="decoDesc" path="ref-decoDesc.html" type="link" linkText="TEI Guidelines"/>
        <mapping elementName="decoNote" path="ref-decoNote.html" type="link" linkText="TEI Guidelines"/>
        <mapping elementName="def" path="ref-def.html" type="link" linkText="TEI Guidelines"/>
        <mapping elementName="default" path="ref-default.html" type="link" linkText="TEI Guidelines"/>
        <mapping elementName="defaultVal" path="ref-defaultVal.html" type="link" linkText="TEI Guidelines"/>
        <mapping elementName="del" path="ref-del.html" type="link" linkText="TEI Guidelines"/>
        <mapping elementName="delSpan" path="ref-delSpan.html" type="link" linkText="TEI Guidelines"/>
        <mapping elementName="depth" path="ref-depth.html" type="link" linkText="TEI Guidelines"/>
        <mapping elementName="derivation" path="ref-derivation.html" type="link" linkText="TEI Guidelines"/>
        <mapping elementName="desc" path="ref-desc.html" type="link" linkText="TEI Guidelines"/>
        <mapping elementName="dictScrap" path="ref-dictScrap.html" type="link" linkText="TEI Guidelines"/>
        <mapping elementName="dim" path="ref-dim.html" type="link" linkText="TEI Guidelines"/>
        <mapping elementName="dimensions" path="ref-dimensions.html" type="link" linkText="TEI Guidelines"/>
        <mapping elementName="distinct" path="ref-distinct.html" type="link" linkText="TEI Guidelines"/>
        <mapping elementName="distributor" path="ref-distributor.html" type="link" linkText="TEI Guidelines"/>
        <mapping elementName="district" path="ref-district.html" type="link" linkText="TEI Guidelines"/>
        <mapping elementName="div" path="ref-div.html" type="link" linkText="TEI Guidelines"/>
        <mapping elementName="div1" path="ref-div1.html" type="link" linkText="TEI Guidelines"/>
        <mapping elementName="div2" path="ref-div2.html" type="link" linkText="TEI Guidelines"/>
        <mapping elementName="div3" path="ref-div3.html" type="link" linkText="TEI Guidelines"/>
        <mapping elementName="div4" path="ref-div4.html" type="link" linkText="TEI Guidelines"/>
        <mapping elementName="div5" path="ref-div5.html" type="link" linkText="TEI Guidelines"/>
        <mapping elementName="div6" path="ref-div6.html" type="link" linkText="TEI Guidelines"/>
        <mapping elementName="div7" path="ref-div7.html" type="link" linkText="TEI Guidelines"/>
        <mapping elementName="divGen" path="ref-divGen.html" type="link" linkText="TEI Guidelines"/>
        <mapping elementName="docAuthor" path="ref-docAuthor.html" type="link" linkText="TEI Guidelines"/>
        <mapping elementName="docDate" path="ref-docDate.html" type="link" linkText="TEI Guidelines"/>
        <mapping elementName="docEdition" path="ref-docEdition.html" type="link" linkText="TEI Guidelines"/>
        <mapping elementName="docImprint" path="ref-docImprint.html" type="link" linkText="TEI Guidelines"/>
        <mapping elementName="docTitle" path="ref-docTitle.html" type="link" linkText="TEI Guidelines"/>
        <mapping elementName="domain" path="ref-domain.html" type="link" linkText="TEI Guidelines"/>
        <mapping elementName="edition" path="ref-edition.html" type="link" linkText="TEI Guidelines"/>
        <mapping elementName="editionStmt" path="ref-editionStmt.html" type="link" linkText="TEI Guidelines"/>
        <mapping elementName="editor" path="ref-editor.html" type="link" linkText="TEI Guidelines"/>
        <mapping elementName="editorialDecl" path="ref-editorialDecl.html" type="link" linkText="TEI Guidelines"/>
        <mapping elementName="education" path="ref-education.html" type="link" linkText="TEI Guidelines"/>
        <mapping elementName="eg" path="ref-eg.html" type="link" linkText="TEI Guidelines"/>
        <mapping elementName="egXML" path="ref-egXML.html" type="link" linkText="TEI Guidelines"/>
        <mapping elementName="eLeaf" path="ref-eLeaf.html" type="link" linkText="TEI Guidelines"/>
        <mapping elementName="elementRef" path="ref-elementRef.html" type="link" linkText="TEI Guidelines"/>
        <mapping elementName="elementSpec" path="ref-elementSpec.html" type="link" linkText="TEI Guidelines"/>
        <mapping elementName="email" path="ref-email.html" type="link" linkText="TEI Guidelines"/>
        <mapping elementName="emph" path="ref-emph.html" type="link" linkText="TEI Guidelines"/>
        <mapping elementName="encodingDesc" path="ref-encodingDesc.html" type="link" linkText="TEI Guidelines"/>
        <mapping elementName="entry" path="ref-entry.html" type="link" linkText="TEI Guidelines"/>
        <mapping elementName="entryFree" path="ref-entryFree.html" type="link" linkText="TEI Guidelines"/>
        <mapping elementName="epigraph" path="ref-epigraph.html" type="link" linkText="TEI Guidelines"/>
        <mapping elementName="epilogue" path="ref-epilogue.html" type="link" linkText="TEI Guidelines"/>
        <mapping elementName="equipment" path="ref-equipment.html" type="link" linkText="TEI Guidelines"/>
        <mapping elementName="equiv" path="ref-equiv.html" type="link" linkText="TEI Guidelines"/>
        <mapping elementName="eTree" path="ref-eTree.html" type="link" linkText="TEI Guidelines"/>
        <mapping elementName="etym" path="ref-etym.html" type="link" linkText="TEI Guidelines"/>
        <mapping elementName="event" path="ref-event.html" type="link" linkText="TEI Guidelines"/>
        <mapping elementName="ex" path="ref-ex.html" type="link" linkText="TEI Guidelines"/>
        <mapping elementName="exemplum" path="ref-exemplum.html" type="link" linkText="TEI Guidelines"/>
        <mapping elementName="expan" path="ref-expan.html" type="link" linkText="TEI Guidelines"/>
        <mapping elementName="explicit" path="ref-explicit.html" type="link" linkText="TEI Guidelines"/>
        <mapping elementName="extent" path="ref-extent.html" type="link" linkText="TEI Guidelines"/>
        <mapping elementName="f" path="ref-f.html" type="link" linkText="TEI Guidelines"/>
        <mapping elementName="facsimile" path="ref-facsimile.html" type="link" linkText="TEI Guidelines"/>
        <mapping elementName="factuality" path="ref-factuality.html" type="link" linkText="TEI Guidelines"/>
        <mapping elementName="faith" path="ref-faith.html" type="link" linkText="TEI Guidelines"/>
        <mapping elementName="fDecl" path="ref-fDecl.html" type="link" linkText="TEI Guidelines"/>
        <mapping elementName="fDescr" path="ref-fDescr.html" type="link" linkText="TEI Guidelines"/>
        <mapping elementName="figDesc" path="ref-figDesc.html" type="link" linkText="TEI Guidelines"/>
        <mapping elementName="figure" path="ref-figure.html" type="link" linkText="TEI Guidelines"/>
        <mapping elementName="fileDesc" path="ref-fileDesc.html" type="link" linkText="TEI Guidelines"/>
        <mapping elementName="filiation" path="ref-filiation.html" type="link" linkText="TEI Guidelines"/>
        <mapping elementName="finalRubric" path="ref-finalRubric.html" type="link" linkText="TEI Guidelines"/>
        <mapping elementName="fLib" path="ref-fLib.html" type="link" linkText="TEI Guidelines"/>
        <mapping elementName="floatingText" path="ref-floatingText.html" type="link" linkText="TEI Guidelines"/>
        <mapping elementName="floruit" path="ref-floruit.html" type="link" linkText="TEI Guidelines"/>
        <mapping elementName="foliation" path="ref-foliation.html" type="link" linkText="TEI Guidelines"/>
        <mapping elementName="foreign" path="ref-foreign.html" type="link" linkText="TEI Guidelines"/>
        <mapping elementName="forename" path="ref-forename.html" type="link" linkText="TEI Guidelines"/>
        <mapping elementName="forest" path="ref-forest.html" type="link" linkText="TEI Guidelines"/>
        <mapping elementName="form" path="ref-form.html" type="link" linkText="TEI Guidelines"/>
        <mapping elementName="formula" path="ref-formula.html" type="link" linkText="TEI Guidelines"/>
        <mapping elementName="front" path="ref-front.html" type="link" linkText="TEI Guidelines"/>
        <mapping elementName="fs" path="ref-fs.html" type="link" linkText="TEI Guidelines"/>
        <mapping elementName="fsConstraints" path="ref-fsConstraints.html" type="link" linkText="TEI Guidelines"/>
        <mapping elementName="fsdDecl" path="ref-fsdDecl.html" type="link" linkText="TEI Guidelines"/>
        <mapping elementName="fsDecl" path="ref-fsDecl.html" type="link" linkText="TEI Guidelines"/>
        <mapping elementName="fsDescr" path="ref-fsDescr.html" type="link" linkText="TEI Guidelines"/>
        <mapping elementName="fsdLink" path="ref-fsdLink.html" type="link" linkText="TEI Guidelines"/>
        <mapping elementName="funder" path="ref-funder.html" type="link" linkText="TEI Guidelines"/>
        <mapping elementName="fvLib" path="ref-fvLib.html" type="link" linkText="TEI Guidelines"/>
        <mapping elementName="fw" path="ref-fw.html" type="link" linkText="TEI Guidelines"/>
        <mapping elementName="g" path="ref-g.html" type="link" linkText="TEI Guidelines"/>
        <mapping elementName="gap" path="ref-gap.html" type="link" linkText="TEI Guidelines"/>
        <mapping elementName="gb" path="ref-gb.html" type="link" linkText="TEI Guidelines"/>
        <mapping elementName="gen" path="ref-gen.html" type="link" linkText="TEI Guidelines"/>
        <mapping elementName="genName" path="ref-genName.html" type="link" linkText="TEI Guidelines"/>
        <mapping elementName="geo" path="ref-geo.html" type="link" linkText="TEI Guidelines"/>
        <mapping elementName="geoDecl" path="ref-geoDecl.html" type="link" linkText="TEI Guidelines"/>
        <mapping elementName="geogFeat" path="ref-geogFeat.html" type="link" linkText="TEI Guidelines"/>
        <mapping elementName="geogName" path="ref-geogName.html" type="link" linkText="TEI Guidelines"/>
        <mapping elementName="gi" path="ref-gi.html" type="link" linkText="TEI Guidelines"/>
        <mapping elementName="gloss" path="ref-gloss.html" type="link" linkText="TEI Guidelines"/>
        <mapping elementName="glyph" path="ref-glyph.html" type="link" linkText="TEI Guidelines"/>
        <mapping elementName="glyphName" path="ref-glyphName.html" type="link" linkText="TEI Guidelines"/>
        <mapping elementName="gram" path="ref-gram.html" type="link" linkText="TEI Guidelines"/>
        <mapping elementName="gramGrp" path="ref-gramGrp.html" type="link" linkText="TEI Guidelines"/>
        <mapping elementName="graph" path="ref-graph.html" type="link" linkText="TEI Guidelines"/>
        <mapping elementName="graphic" path="ref-graphic.html" type="link" linkText="TEI Guidelines"/>
        <mapping elementName="group" path="ref-group.html" type="link" linkText="TEI Guidelines"/>
        <mapping elementName="handDesc" path="ref-handDesc.html" type="link" linkText="TEI Guidelines"/>
        <mapping elementName="handNote" path="ref-handNote.html" type="link" linkText="TEI Guidelines"/>
        <mapping elementName="handNotes" path="ref-handNotes.html" type="link" linkText="TEI Guidelines"/>
        <mapping elementName="handShift" path="ref-handShift.html" type="link" linkText="TEI Guidelines"/>
        <mapping elementName="head" path="ref-head.html" type="link" linkText="TEI Guidelines"/>
        <mapping elementName="headItem" path="ref-headItem.html" type="link" linkText="TEI Guidelines"/>
        <mapping elementName="headLabel" path="ref-headLabel.html" type="link" linkText="TEI Guidelines"/>
        <mapping elementName="height" path="ref-height.html" type="link" linkText="TEI Guidelines"/>
        <mapping elementName="heraldry" path="ref-heraldry.html" type="link" linkText="TEI Guidelines"/>
        <mapping elementName="hi" path="ref-hi.html" type="link" linkText="TEI Guidelines"/>
        <mapping elementName="history" path="ref-history.html" type="link" linkText="TEI Guidelines"/>
        <mapping elementName="hom" path="ref-hom.html" type="link" linkText="TEI Guidelines"/>
        <mapping elementName="hyph" path="ref-hyph.html" type="link" linkText="TEI Guidelines"/>
        <mapping elementName="hyphenation" path="ref-hyphenation.html" type="link" linkText="TEI Guidelines"/>
        <mapping elementName="ident" path="ref-ident.html" type="link" linkText="TEI Guidelines"/>
        <mapping elementName="idno" path="ref-idno.html" type="link" linkText="TEI Guidelines"/>
        <mapping elementName="if" path="ref-if.html" type="link" linkText="TEI Guidelines"/>
        <mapping elementName="iff" path="ref-iff.html" type="link" linkText="TEI Guidelines"/>
        <mapping elementName="imprimatur" path="ref-imprimatur.html" type="link" linkText="TEI Guidelines"/>
        <mapping elementName="imprint" path="ref-imprint.html" type="link" linkText="TEI Guidelines"/>
        <mapping elementName="incident" path="ref-incident.html" type="link" linkText="TEI Guidelines"/>
        <mapping elementName="incipit" path="ref-incipit.html" type="link" linkText="TEI Guidelines"/>
        <mapping elementName="index" path="ref-index.html" type="link" linkText="TEI Guidelines"/>
        <mapping elementName="iNode" path="ref-iNode.html" type="link" linkText="TEI Guidelines"/>
        <mapping elementName="institution" path="ref-institution.html" type="link" linkText="TEI Guidelines"/>
        <mapping elementName="interaction" path="ref-interaction.html" type="link" linkText="TEI Guidelines"/>
        <mapping elementName="interp" path="ref-interp.html" type="link" linkText="TEI Guidelines"/>
        <mapping elementName="interpGrp" path="ref-interpGrp.html" type="link" linkText="TEI Guidelines"/>
        <mapping elementName="interpretation" path="ref-interpretation.html" type="link" linkText="TEI Guidelines"/>
        <mapping elementName="item" path="ref-item.html" type="link" linkText="TEI Guidelines"/>
        <mapping elementName="iType" path="ref-iType.html" type="link" linkText="TEI Guidelines"/>
        <mapping elementName="join" path="ref-join.html" type="link" linkText="TEI Guidelines"/>
        <mapping elementName="joinGrp" path="ref-joinGrp.html" type="link" linkText="TEI Guidelines"/>
        <mapping elementName="keywords" path="ref-keywords.html" type="link" linkText="TEI Guidelines"/>
        <mapping elementName="kinesic" path="ref-kinesic.html" type="link" linkText="TEI Guidelines"/>
        <mapping elementName="l" path="ref-l.html" type="link" linkText="TEI Guidelines"/>
        <mapping elementName="label" path="ref-label.html" type="link" linkText="TEI Guidelines"/>
        <mapping elementName="lacunaEnd" path="ref-lacunaEnd.html" type="link" linkText="TEI Guidelines"/>
        <mapping elementName="lacunaStart" path="ref-lacunaStart.html" type="link" linkText="TEI Guidelines"/>
        <mapping elementName="lang" path="ref-lang.html" type="link" linkText="TEI Guidelines"/>
        <mapping elementName="langKnowledge" path="ref-langKnowledge.html" type="link" linkText="TEI Guidelines"/>
        <mapping elementName="langKnown" path="ref-langKnown.html" type="link" linkText="TEI Guidelines"/>
        <mapping elementName="language" path="ref-language.html" type="link" linkText="TEI Guidelines"/>
        <mapping elementName="langUsage" path="ref-langUsage.html" type="link" linkText="TEI Guidelines"/>
        <mapping elementName="layout" path="ref-layout.html" type="link" linkText="TEI Guidelines"/>
        <mapping elementName="layoutDesc" path="ref-layoutDesc.html" type="link" linkText="TEI Guidelines"/>
        <mapping elementName="lb" path="ref-lb.html" type="link" linkText="TEI Guidelines"/>
        <mapping elementName="lbl" path="ref-lbl.html" type="link" linkText="TEI Guidelines"/>
        <mapping elementName="leaf" path="ref-leaf.html" type="link" linkText="TEI Guidelines"/>
        <mapping elementName="lem" path="ref-lem.html" type="link" linkText="TEI Guidelines"/>
        <mapping elementName="lg" path="ref-lg.html" type="link" linkText="TEI Guidelines"/>
        <mapping elementName="licence" path="ref-licence.html" type="link" linkText="TEI Guidelines"/>
        <mapping elementName="line" path="ref-line.html" type="link" linkText="TEI Guidelines"/>
        <mapping elementName="link" path="ref-link.html" type="link" linkText="TEI Guidelines"/>
        <mapping elementName="linkGrp" path="ref-linkGrp.html" type="link" linkText="TEI Guidelines"/>
        <mapping elementName="list" path="ref-list.html" type="link" linkText="TEI Guidelines"/>
        <mapping elementName="listApp" path="ref-listApp.html" type="link" linkText="TEI Guidelines"/>
        <mapping elementName="listBibl" path="ref-listBibl.html" type="link" linkText="TEI Guidelines"/>
        <mapping elementName="listChange" path="ref-listChange.html" type="link" linkText="TEI Guidelines"/>
        <mapping elementName="listEvent" path="ref-listEvent.html" type="link" linkText="TEI Guidelines"/>
        <mapping elementName="listForest" path="ref-listForest.html" type="link" linkText="TEI Guidelines"/>
        <mapping elementName="listNym" path="ref-listNym.html" type="link" linkText="TEI Guidelines"/>
        <mapping elementName="listOrg" path="ref-listOrg.html" type="link" linkText="TEI Guidelines"/>
        <mapping elementName="listPerson" path="ref-listPerson.html" type="link" linkText="TEI Guidelines"/>
        <mapping elementName="listPlace" path="ref-listPlace.html" type="link" linkText="TEI Guidelines"/>
        <mapping elementName="listPrefixDef" path="ref-listPrefixDef.html" type="link" linkText="TEI Guidelines"/>
        <mapping elementName="listRef" path="ref-listRef.html" type="link" linkText="TEI Guidelines"/>
        <mapping elementName="listRelation" path="ref-listRelation.html" type="link" linkText="TEI Guidelines"/>
        <mapping elementName="listTranspose" path="ref-listTranspose.html" type="link" linkText="TEI Guidelines"/>
        <mapping elementName="listWit" path="ref-listWit.html" type="link" linkText="TEI Guidelines"/>
        <mapping elementName="locale" path="ref-locale.html" type="link" linkText="TEI Guidelines"/>
        <mapping elementName="localName" path="ref-localName.html" type="link" linkText="TEI Guidelines"/>
        <mapping elementName="location" path="ref-location.html" type="link" linkText="TEI Guidelines"/>
        <mapping elementName="locus" path="ref-locus.html" type="link" linkText="TEI Guidelines"/>
        <mapping elementName="locusGrp" path="ref-locusGrp.html" type="link" linkText="TEI Guidelines"/>
        <mapping elementName="m" path="ref-m.html" type="link" linkText="TEI Guidelines"/>
        <mapping elementName="macroRef" path="ref-macroRef.html" type="link" linkText="TEI Guidelines"/>
        <mapping elementName="macroSpec" path="ref-macroSpec.html" type="link" linkText="TEI Guidelines"/>
        <mapping elementName="mapping" path="ref-mapping.html" type="link" linkText="TEI Guidelines"/>
        <mapping elementName="material" path="ref-material.html" type="link" linkText="TEI Guidelines"/>
        <mapping elementName="measure" path="ref-measure.html" type="link" linkText="TEI Guidelines"/>
        <mapping elementName="measureGrp" path="ref-measureGrp.html" type="link" linkText="TEI Guidelines"/>
        <mapping elementName="media" path="ref-media.html" type="link" linkText="TEI Guidelines"/>
        <mapping elementName="meeting" path="ref-meeting.html" type="link" linkText="TEI Guidelines"/>
        <mapping elementName="memberOf" path="ref-memberOf.html" type="link" linkText="TEI Guidelines"/>
        <mapping elementName="mentioned" path="ref-mentioned.html" type="link" linkText="TEI Guidelines"/>
        <mapping elementName="metamark" path="ref-metamark.html" type="link" linkText="TEI Guidelines"/>
        <mapping elementName="metDecl" path="ref-metDecl.html" type="link" linkText="TEI Guidelines"/>
        <mapping elementName="metSym" path="ref-metSym.html" type="link" linkText="TEI Guidelines"/>
        <mapping elementName="milestone" path="ref-milestone.html" type="link" linkText="TEI Guidelines"/>
        <mapping elementName="mod" path="ref-mod.html" type="link" linkText="TEI Guidelines"/>
        <mapping elementName="moduleRef" path="ref-moduleRef.html" type="link" linkText="TEI Guidelines"/>
        <mapping elementName="moduleSpec" path="ref-moduleSpec.html" type="link" linkText="TEI Guidelines"/>
        <mapping elementName="monogr" path="ref-monogr.html" type="link" linkText="TEI Guidelines"/>
        <mapping elementName="mood" path="ref-mood.html" type="link" linkText="TEI Guidelines"/>
        <mapping elementName="move" path="ref-move.html" type="link" linkText="TEI Guidelines"/>
        <mapping elementName="msContents" path="ref-msContents.html" type="link" linkText="TEI Guidelines"/>
        <mapping elementName="msDesc" path="ref-msDesc.html" type="link" linkText="TEI Guidelines"/>
        <mapping elementName="msIdentifier" path="ref-msIdentifier.html" type="link" linkText="TEI Guidelines"/>
        <mapping elementName="msItem" path="ref-msItem.html" type="link" linkText="TEI Guidelines"/>
        <mapping elementName="msItemStruct" path="ref-msItemStruct.html" type="link" linkText="TEI Guidelines"/>
        <mapping elementName="msName" path="ref-msName.html" type="link" linkText="TEI Guidelines"/>
        <mapping elementName="msPart" path="ref-msPart.html" type="link" linkText="TEI Guidelines"/>
        <mapping elementName="musicNotation" path="ref-musicNotation.html" type="link" linkText="TEI Guidelines"/>
        <mapping elementName="name" path="ref-name.html" type="link" linkText="TEI Guidelines"/>
        <mapping elementName="nameLink" path="ref-nameLink.html" type="link" linkText="TEI Guidelines"/>
        <mapping elementName="namespace" path="ref-namespace.html" type="link" linkText="TEI Guidelines"/>
        <mapping elementName="nationality" path="ref-nationality.html" type="link" linkText="TEI Guidelines"/>
        <mapping elementName="node" path="ref-node.html" type="link" linkText="TEI Guidelines"/>
        <mapping elementName="normalization" path="ref-normalization.html" type="link" linkText="TEI Guidelines"/>
        <mapping elementName="notatedMusic" path="ref-notatedMusic.html" type="link" linkText="TEI Guidelines"/>
        <mapping elementName="note" path="ref-note.html" type="link" linkText="TEI Guidelines"/>
        <mapping elementName="notesStmt" path="ref-notesStmt.html" type="link" linkText="TEI Guidelines"/>
        <mapping elementName="num" path="ref-num.html" type="link" linkText="TEI Guidelines"/>
        <mapping elementName="number" path="ref-number.html" type="link" linkText="TEI Guidelines"/>
        <mapping elementName="numeric" path="ref-numeric.html" type="link" linkText="TEI Guidelines"/>
        <mapping elementName="nym" path="ref-nym.html" type="link" linkText="TEI Guidelines"/>
        <mapping elementName="objectDesc" path="ref-objectDesc.html" type="link" linkText="TEI Guidelines"/>
        <mapping elementName="objectType" path="ref-objectType.html" type="link" linkText="TEI Guidelines"/>
        <mapping elementName="occupation" path="ref-occupation.html" type="link" linkText="TEI Guidelines"/>
        <mapping elementName="offset" path="ref-offset.html" type="link" linkText="TEI Guidelines"/>
        <mapping elementName="opener" path="ref-opener.html" type="link" linkText="TEI Guidelines"/>
        <mapping elementName="oRef" path="ref-oRef.html" type="link" linkText="TEI Guidelines"/>
        <mapping elementName="org" path="ref-org.html" type="link" linkText="TEI Guidelines"/>
        <mapping elementName="orgName" path="ref-orgName.html" type="link" linkText="TEI Guidelines"/>
        <mapping elementName="orig" path="ref-orig.html" type="link" linkText="TEI Guidelines"/>
        <mapping elementName="origDate" path="ref-origDate.html" type="link" linkText="TEI Guidelines"/>
        <mapping elementName="origin" path="ref-origin.html" type="link" linkText="TEI Guidelines"/>
        <mapping elementName="origPlace" path="ref-origPlace.html" type="link" linkText="TEI Guidelines"/>
        <mapping elementName="orth" path="ref-orth.html" type="link" linkText="TEI Guidelines"/>
        <mapping elementName="p" path="ref-p.html" type="link" linkText="TEI Guidelines"/>
        <mapping elementName="particDesc" path="ref-particDesc.html" type="link" linkText="TEI Guidelines"/>
        <mapping elementName="pause" path="ref-pause.html" type="link" linkText="TEI Guidelines"/>
        <mapping elementName="pb" path="ref-pb.html" type="link" linkText="TEI Guidelines"/>
        <mapping elementName="pc" path="ref-pc.html" type="link" linkText="TEI Guidelines"/>
        <mapping elementName="per" path="ref-per.html" type="link" linkText="TEI Guidelines"/>
        <mapping elementName="performance" path="ref-performance.html" type="link" linkText="TEI Guidelines"/>
        <mapping elementName="persName" path="ref-persName.html" type="link" linkText="TEI Guidelines"/>
        <mapping elementName="person" path="ref-person.html" type="link" linkText="TEI Guidelines"/>
        <mapping elementName="personGrp" path="ref-personGrp.html" type="link" linkText="TEI Guidelines"/>
        <mapping elementName="phr" path="ref-phr.html" type="link" linkText="TEI Guidelines"/>
        <mapping elementName="physDesc" path="ref-physDesc.html" type="link" linkText="TEI Guidelines"/>
        <mapping elementName="place" path="ref-place.html" type="link" linkText="TEI Guidelines"/>
        <mapping elementName="placeName" path="ref-placeName.html" type="link" linkText="TEI Guidelines"/>
        <mapping elementName="population" path="ref-population.html" type="link" linkText="TEI Guidelines"/>
        <mapping elementName="pos" path="ref-pos.html" type="link" linkText="TEI Guidelines"/>
        <mapping elementName="postBox" path="ref-postBox.html" type="link" linkText="TEI Guidelines"/>
        <mapping elementName="postCode" path="ref-postCode.html" type="link" linkText="TEI Guidelines"/>
        <mapping elementName="postscript" path="ref-postscript.html" type="link" linkText="TEI Guidelines"/>
        <mapping elementName="precision" path="ref-precision.html" type="link" linkText="TEI Guidelines"/>
        <mapping elementName="pRef" path="ref-pRef.html" type="link" linkText="TEI Guidelines"/>
        <mapping elementName="prefixDef" path="ref-prefixDef.html" type="link" linkText="TEI Guidelines"/>
        <mapping elementName="preparedness" path="ref-preparedness.html" type="link" linkText="TEI Guidelines"/>
        <mapping elementName="principal" path="ref-principal.html" type="link" linkText="TEI Guidelines"/>
        <mapping elementName="profileDesc" path="ref-profileDesc.html" type="link" linkText="TEI Guidelines"/>
        <mapping elementName="projectDesc" path="ref-projectDesc.html" type="link" linkText="TEI Guidelines"/>
        <mapping elementName="prologue" path="ref-prologue.html" type="link" linkText="TEI Guidelines"/>
        <mapping elementName="pron" path="ref-pron.html" type="link" linkText="TEI Guidelines"/>
        <mapping elementName="provenance" path="ref-provenance.html" type="link" linkText="TEI Guidelines"/>
        <mapping elementName="ptr" path="ref-ptr.html" type="link" linkText="TEI Guidelines"/>
        <mapping elementName="publicationStmt" path="ref-publicationStmt.html" type="link" linkText="TEI Guidelines"/>
        <mapping elementName="publisher" path="ref-publisher.html" type="link" linkText="TEI Guidelines"/>
        <mapping elementName="pubPlace" path="ref-pubPlace.html" type="link" linkText="TEI Guidelines"/>
        <mapping elementName="purpose" path="ref-purpose.html" type="link" linkText="TEI Guidelines"/>
        <mapping elementName="q" path="ref-q.html" type="link" linkText="TEI Guidelines"/>
        <mapping elementName="quotation" path="ref-quotation.html" type="link" linkText="TEI Guidelines"/>
        <mapping elementName="quote" path="ref-quote.html" type="link" linkText="TEI Guidelines"/>
        <mapping elementName="rdg" path="ref-rdg.html" type="link" linkText="TEI Guidelines"/>
        <mapping elementName="rdgGrp" path="ref-rdgGrp.html" type="link" linkText="TEI Guidelines"/>
        <mapping elementName="re" path="ref-re.html" type="link" linkText="TEI Guidelines"/>
        <mapping elementName="recordHist" path="ref-recordHist.html" type="link" linkText="TEI Guidelines"/>
        <mapping elementName="recording" path="ref-recording.html" type="link" linkText="TEI Guidelines"/>
        <mapping elementName="recordingStmt" path="ref-recordingStmt.html" type="link" linkText="TEI Guidelines"/>
        <mapping elementName="redo" path="ref-redo.html" type="link" linkText="TEI Guidelines"/>
        <mapping elementName="ref" path="ref-ref.html" type="link" linkText="TEI Guidelines"/>
        <mapping elementName="refsDecl" path="ref-refsDecl.html" type="link" linkText="TEI Guidelines"/>
        <mapping elementName="refState" path="ref-refState.html" type="link" linkText="TEI Guidelines"/>
        <mapping elementName="reg" path="ref-reg.html" type="link" linkText="TEI Guidelines"/>
        <mapping elementName="region" path="ref-region.html" type="link" linkText="TEI Guidelines"/>
        <mapping elementName="relatedItem" path="ref-relatedItem.html" type="link" linkText="TEI Guidelines"/>
        <mapping elementName="relation" path="ref-relation.html" type="link" linkText="TEI Guidelines"/>
        <mapping elementName="remarks" path="ref-remarks.html" type="link" linkText="TEI Guidelines"/>
        <mapping elementName="rendition" path="ref-rendition.html" type="link" linkText="TEI Guidelines"/>
        <mapping elementName="repository" path="ref-repository.html" type="link" linkText="TEI Guidelines"/>
        <mapping elementName="residence" path="ref-residence.html" type="link" linkText="TEI Guidelines"/>
        <mapping elementName="resp" path="ref-resp.html" type="link" linkText="TEI Guidelines"/>
        <mapping elementName="respons" path="ref-respons.html" type="link" linkText="TEI Guidelines"/>
        <mapping elementName="respStmt" path="ref-respStmt.html" type="link" linkText="TEI Guidelines"/>
        <mapping elementName="restore" path="ref-restore.html" type="link" linkText="TEI Guidelines"/>
        <mapping elementName="retrace" path="ref-retrace.html" type="link" linkText="TEI Guidelines"/>
        <mapping elementName="revisionDesc" path="ref-revisionDesc.html" type="link" linkText="TEI Guidelines"/>
        <mapping elementName="rhyme" path="ref-rhyme.html" type="link" linkText="TEI Guidelines"/>
        <mapping elementName="role" path="ref-role.html" type="link" linkText="TEI Guidelines"/>
        <mapping elementName="roleDesc" path="ref-roleDesc.html" type="link" linkText="TEI Guidelines"/>
        <mapping elementName="roleName" path="ref-roleName.html" type="link" linkText="TEI Guidelines"/>
        <mapping elementName="root" path="ref-root.html" type="link" linkText="TEI Guidelines"/>
        <mapping elementName="row" path="ref-row.html" type="link" linkText="TEI Guidelines"/>
        <mapping elementName="rs" path="ref-rs.html" type="link" linkText="TEI Guidelines"/>
        <mapping elementName="rubric" path="ref-rubric.html" type="link" linkText="TEI Guidelines"/>
        <mapping elementName="s" path="ref-s.html" type="link" linkText="TEI Guidelines"/>
        <mapping elementName="said" path="ref-said.html" type="link" linkText="TEI Guidelines"/>
        <mapping elementName="salute" path="ref-salute.html" type="link" linkText="TEI Guidelines"/>
        <mapping elementName="samplingDecl" path="ref-samplingDecl.html" type="link" linkText="TEI Guidelines"/>
        <mapping elementName="schemaSpec" path="ref-schemaSpec.html" type="link" linkText="TEI Guidelines"/>
        <mapping elementName="scriptDesc" path="ref-scriptDesc.html" type="link" linkText="TEI Guidelines"/>
        <mapping elementName="scriptNote" path="ref-scriptNote.html" type="link" linkText="TEI Guidelines"/>
        <mapping elementName="scriptStmt" path="ref-scriptStmt.html" type="link" linkText="TEI Guidelines"/>
        <mapping elementName="seal" path="ref-seal.html" type="link" linkText="TEI Guidelines"/>
        <mapping elementName="sealDesc" path="ref-sealDesc.html" type="link" linkText="TEI Guidelines"/>
        <mapping elementName="secFol" path="ref-secFol.html" type="link" linkText="TEI Guidelines"/>
        <mapping elementName="seg" path="ref-seg.html" type="link" linkText="TEI Guidelines"/>
        <mapping elementName="segmentation" path="ref-segmentation.html" type="link" linkText="TEI Guidelines"/>
        <mapping elementName="sense" path="ref-sense.html" type="link" linkText="TEI Guidelines"/>
        <mapping elementName="series" path="ref-series.html" type="link" linkText="TEI Guidelines"/>
        <mapping elementName="seriesStmt" path="ref-seriesStmt.html" type="link" linkText="TEI Guidelines"/>
        <mapping elementName="set" path="ref-set.html" type="link" linkText="TEI Guidelines"/>
        <mapping elementName="setting" path="ref-setting.html" type="link" linkText="TEI Guidelines"/>
        <mapping elementName="settingDesc" path="ref-settingDesc.html" type="link" linkText="TEI Guidelines"/>
        <mapping elementName="settlement" path="ref-settlement.html" type="link" linkText="TEI Guidelines"/>
        <mapping elementName="sex" path="ref-sex.html" type="link" linkText="TEI Guidelines"/>
        <mapping elementName="shift" path="ref-shift.html" type="link" linkText="TEI Guidelines"/>
        <mapping elementName="sic" path="ref-sic.html" type="link" linkText="TEI Guidelines"/>
        <mapping elementName="signatures" path="ref-signatures.html" type="link" linkText="TEI Guidelines"/>
        <mapping elementName="signed" path="ref-signed.html" type="link" linkText="TEI Guidelines"/>
        <mapping elementName="soCalled" path="ref-soCalled.html" type="link" linkText="TEI Guidelines"/>
        <mapping elementName="socecStatus" path="ref-socecStatus.html" type="link" linkText="TEI Guidelines"/>
        <mapping elementName="sound" path="ref-sound.html" type="link" linkText="TEI Guidelines"/>
        <mapping elementName="source" path="ref-source.html" type="link" linkText="TEI Guidelines"/>
        <mapping elementName="sourceDesc" path="ref-sourceDesc.html" type="link" linkText="TEI Guidelines"/>
        <mapping elementName="sourceDoc" path="ref-sourceDoc.html" type="link" linkText="TEI Guidelines"/>
        <mapping elementName="sp" path="ref-sp.html" type="link" linkText="TEI Guidelines"/>
        <mapping elementName="space" path="ref-space.html" type="link" linkText="TEI Guidelines"/>
        <mapping elementName="span" path="ref-span.html" type="link" linkText="TEI Guidelines"/>
        <mapping elementName="spanGrp" path="ref-spanGrp.html" type="link" linkText="TEI Guidelines"/>
        <mapping elementName="speaker" path="ref-speaker.html" type="link" linkText="TEI Guidelines"/>
        <mapping elementName="specDesc" path="ref-specDesc.html" type="link" linkText="TEI Guidelines"/>
        <mapping elementName="specGrp" path="ref-specGrp.html" type="link" linkText="TEI Guidelines"/>
        <mapping elementName="specGrpRef" path="ref-specGrpRef.html" type="link" linkText="TEI Guidelines"/>
        <mapping elementName="specList" path="ref-specList.html" type="link" linkText="TEI Guidelines"/>
        <mapping elementName="spGrp" path="ref-spGrp.html" type="link" linkText="TEI Guidelines"/>
        <mapping elementName="sponsor" path="ref-sponsor.html" type="link" linkText="TEI Guidelines"/>
        <mapping elementName="stage" path="ref-stage.html" type="link" linkText="TEI Guidelines"/>
        <mapping elementName="stamp" path="ref-stamp.html" type="link" linkText="TEI Guidelines"/>
        <mapping elementName="state" path="ref-state.html" type="link" linkText="TEI Guidelines"/>
        <mapping elementName="stdVals" path="ref-stdVals.html" type="link" linkText="TEI Guidelines"/>
        <mapping elementName="street" path="ref-street.html" type="link" linkText="TEI Guidelines"/>
        <mapping elementName="stress" path="ref-stress.html" type="link" linkText="TEI Guidelines"/>
        <mapping elementName="string" path="ref-string.html" type="link" linkText="TEI Guidelines"/>
        <mapping elementName="styleDefDecl" path="ref-styleDefDecl.html" type="link" linkText="TEI Guidelines"/>
        <mapping elementName="subc" path="ref-subc.html" type="link" linkText="TEI Guidelines"/>
        <mapping elementName="subst" path="ref-subst.html" type="link" linkText="TEI Guidelines"/>
        <mapping elementName="substJoin" path="ref-substJoin.html" type="link" linkText="TEI Guidelines"/>
        <mapping elementName="summary" path="ref-summary.html" type="link" linkText="TEI Guidelines"/>
        <mapping elementName="superEntry" path="ref-superEntry.html" type="link" linkText="TEI Guidelines"/>
        <mapping elementName="supplied" path="ref-supplied.html" type="link" linkText="TEI Guidelines"/>
        <mapping elementName="support" path="ref-support.html" type="link" linkText="TEI Guidelines"/>
        <mapping elementName="supportDesc" path="ref-supportDesc.html" type="link" linkText="TEI Guidelines"/>
        <mapping elementName="surface" path="ref-surface.html" type="link" linkText="TEI Guidelines"/>
        <mapping elementName="surfaceGrp" path="ref-surfaceGrp.html" type="link" linkText="TEI Guidelines"/>
        <mapping elementName="surname" path="ref-surname.html" type="link" linkText="TEI Guidelines"/>
        <mapping elementName="surplus" path="ref-surplus.html" type="link" linkText="TEI Guidelines"/>
        <mapping elementName="surrogates" path="ref-surrogates.html" type="link" linkText="TEI Guidelines"/>
        <mapping elementName="syll" path="ref-syll.html" type="link" linkText="TEI Guidelines"/>
        <mapping elementName="symbol" path="ref-symbol.html" type="link" linkText="TEI Guidelines"/>
        <mapping elementName="table" path="ref-table.html" type="link" linkText="TEI Guidelines"/>
        <mapping elementName="tag" path="ref-tag.html" type="link" linkText="TEI Guidelines"/>
        <mapping elementName="tagsDecl" path="ref-tagsDecl.html" type="link" linkText="TEI Guidelines"/>
        <mapping elementName="tagUsage" path="ref-tagUsage.html" type="link" linkText="TEI Guidelines"/>
        <mapping elementName="taxonomy" path="ref-taxonomy.html" type="link" linkText="TEI Guidelines"/>
        <mapping elementName="tech" path="ref-tech.html" type="link" linkText="TEI Guidelines"/>
        <mapping elementName="TEI" path="ref-TEI.html" type="link" linkText="TEI Guidelines"/>
        <mapping elementName="teiCorpus" path="ref-teiCorpus.html" type="link" linkText="TEI Guidelines"/>
        <mapping elementName="teiHeader" path="ref-teiHeader.html" type="link" linkText="TEI Guidelines"/>
        <mapping elementName="term" path="ref-term.html" type="link" linkText="TEI Guidelines"/>
        <mapping elementName="terrain" path="ref-terrain.html" type="link" linkText="TEI Guidelines"/>
        <mapping elementName="text" path="ref-text.html" type="link" linkText="TEI Guidelines"/>
        <mapping elementName="textClass" path="ref-textClass.html" type="link" linkText="TEI Guidelines"/>
        <mapping elementName="textDesc" path="ref-textDesc.html" type="link" linkText="TEI Guidelines"/>
        <mapping elementName="textLang" path="ref-textLang.html" type="link" linkText="TEI Guidelines"/>
        <mapping elementName="then" path="ref-then.html" type="link" linkText="TEI Guidelines"/>
        <mapping elementName="time" path="ref-time.html" type="link" linkText="TEI Guidelines"/>
        <mapping elementName="timeline" path="ref-timeline.html" type="link" linkText="TEI Guidelines"/>
        <mapping elementName="title" path="ref-title.html" type="link" linkText="TEI Guidelines"/>
        <mapping elementName="titlePage" path="ref-titlePage.html" type="link" linkText="TEI Guidelines"/>
        <mapping elementName="titlePart" path="ref-titlePart.html" type="link" linkText="TEI Guidelines"/>
        <mapping elementName="titleStmt" path="ref-titleStmt.html" type="link" linkText="TEI Guidelines"/>
        <mapping elementName="tns" path="ref-tns.html" type="link" linkText="TEI Guidelines"/>
        <mapping elementName="trailer" path="ref-trailer.html" type="link" linkText="TEI Guidelines"/>
        <mapping elementName="trait" path="ref-trait.html" type="link" linkText="TEI Guidelines"/>
        <mapping elementName="transpose" path="ref-transpose.html" type="link" linkText="TEI Guidelines"/>
        <mapping elementName="tree" path="ref-tree.html" type="link" linkText="TEI Guidelines"/>
        <mapping elementName="triangle" path="ref-triangle.html" type="link" linkText="TEI Guidelines"/>
        <mapping elementName="typeDesc" path="ref-typeDesc.html" type="link" linkText="TEI Guidelines"/>
        <mapping elementName="typeNote" path="ref-typeNote.html" type="link" linkText="TEI Guidelines"/>
        <mapping elementName="u" path="ref-u.html" type="link" linkText="TEI Guidelines"/>
        <mapping elementName="unclear" path="ref-unclear.html" type="link" linkText="TEI Guidelines"/>
        <mapping elementName="undo" path="ref-undo.html" type="link" linkText="TEI Guidelines"/>
        <mapping elementName="unicodeName" path="ref-unicodeName.html" type="link" linkText="TEI Guidelines"/>
        <mapping elementName="usg" path="ref-usg.html" type="link" linkText="TEI Guidelines"/>
        <mapping elementName="val" path="ref-val.html" type="link" linkText="TEI Guidelines"/>
        <mapping elementName="valDesc" path="ref-valDesc.html" type="link" linkText="TEI Guidelines"/>
        <mapping elementName="valItem" path="ref-valItem.html" type="link" linkText="TEI Guidelines"/>
        <mapping elementName="valList" path="ref-valList.html" type="link" linkText="TEI Guidelines"/>
        <mapping elementName="vAlt" path="ref-vAlt.html" type="link" linkText="TEI Guidelines"/>
        <mapping elementName="value" path="ref-value.html" type="link" linkText="TEI Guidelines"/>
        <mapping elementName="variantEncoding" path="ref-variantEncoding.html" type="link" linkText="TEI Guidelines"/>
        <mapping elementName="vColl" path="ref-vColl.html" type="link" linkText="TEI Guidelines"/>
        <mapping elementName="vDefault" path="ref-vDefault.html" type="link" linkText="TEI Guidelines"/>
        <mapping elementName="view" path="ref-view.html" type="link" linkText="TEI Guidelines"/>
        <mapping elementName="vLabel" path="ref-vLabel.html" type="link" linkText="TEI Guidelines"/>
        <mapping elementName="vMerge" path="ref-vMerge.html" type="link" linkText="TEI Guidelines"/>
        <mapping elementName="vNot" path="ref-vNot.html" type="link" linkText="TEI Guidelines"/>
        <mapping elementName="vocal" path="ref-vocal.html" type="link" linkText="TEI Guidelines"/>
        <mapping elementName="vRange" path="ref-vRange.html" type="link" linkText="TEI Guidelines"/>
        <mapping elementName="w" path="ref-w.html" type="link" linkText="TEI Guidelines"/>
        <mapping elementName="watermark" path="ref-watermark.html" type="link" linkText="TEI Guidelines"/>
        <mapping elementName="when" path="ref-when.html" type="link" linkText="TEI Guidelines"/>
        <mapping elementName="width" path="ref-width.html" type="link" linkText="TEI Guidelines"/>
        <mapping elementName="wit" path="ref-wit.html" type="link" linkText="TEI Guidelines"/>
        <mapping elementName="witDetail" path="ref-witDetail.html" type="link" linkText="TEI Guidelines"/>
        <mapping elementName="witEnd" path="ref-witEnd.html" type="link" linkText="TEI Guidelines"/>
        <mapping elementName="witness" path="ref-witness.html" type="link" linkText="TEI Guidelines"/>
        <mapping elementName="witStart" path="ref-witStart.html" type="link" linkText="TEI Guidelines"/>
        <mapping elementName="writing" path="ref-writing.html" type="link" linkText="TEI Guidelines"/>
        <mapping elementName="xr" path="ref-xr.html" type="link" linkText="TEI Guidelines"/>
        <mapping elementName="zone" path="ref-zone.html" type="link" linkText="TEI Guidelines"/>
        <!--And map some attributes also-->
        <mapping attributeName="absolute" path="http://www.tei-c.org/release/doc/tei-p5-doc/en/html/REF-ATTS.html#absolute" type="link" linkText="TEI Guidelines"/>
        <mapping attributeName="active" path="http://www.tei-c.org/release/doc/tei-p5-doc/en/html/REF-ATTS.html#active" type="link" linkText="TEI Guidelines"/>
        <mapping attributeName="adj" path="http://www.tei-c.org/release/doc/tei-p5-doc/en/html/REF-ATTS.html#adj" type="link" linkText="TEI Guidelines"/>
        <mapping attributeName="adjFrom" path="http://www.tei-c.org/release/doc/tei-p5-doc/en/html/REF-ATTS.html#adjFrom" type="link" linkText="TEI Guidelines"/>
        <mapping attributeName="adjTo" path="http://www.tei-c.org/release/doc/tei-p5-doc/en/html/REF-ATTS.html#adjTo" type="link" linkText="TEI Guidelines"/>
        <mapping attributeName="age" path="http://www.tei-c.org/release/doc/tei-p5-doc/en/html/REF-ATTS.html#age" type="link" linkText="TEI Guidelines"/>
        <mapping attributeName="agent" path="http://www.tei-c.org/release/doc/tei-p5-doc/en/html/REF-ATTS.html#agent" type="link" linkText="TEI Guidelines"/>
        <mapping attributeName="aloud" path="http://www.tei-c.org/release/doc/tei-p5-doc/en/html/REF-ATTS.html#aloud" type="link" linkText="TEI Guidelines"/>
        <mapping attributeName="ana" path="http://www.tei-c.org/release/doc/tei-p5-doc/en/html/REF-ATTS.html#ana" type="link" linkText="TEI Guidelines"/>
        <mapping attributeName="anchored" path="http://www.tei-c.org/release/doc/tei-p5-doc/en/html/REF-ATTS.html#anchored" type="link" linkText="TEI Guidelines"/>
        <mapping attributeName="arity" path="http://www.tei-c.org/release/doc/tei-p5-doc/en/html/REF-ATTS.html#arity" type="link" linkText="TEI Guidelines"/>
        <mapping attributeName="assertedValue" path="http://www.tei-c.org/release/doc/tei-p5-doc/en/html/REF-ATTS.html#assertedValue" type="link" linkText="TEI Guidelines"/>
        <mapping attributeName="atLeast" path="http://www.tei-c.org/release/doc/tei-p5-doc/en/html/REF-ATTS.html#atLeast" type="link" linkText="TEI Guidelines"/>
        <mapping attributeName="atMost" path="http://www.tei-c.org/release/doc/tei-p5-doc/en/html/REF-ATTS.html#atMost" type="link" linkText="TEI Guidelines"/>
        <mapping attributeName="attachment" path="http://www.tei-c.org/release/doc/tei-p5-doc/en/html/REF-ATTS.html#attachment" type="link" linkText="TEI Guidelines"/>
        <mapping attributeName="atts" path="http://www.tei-c.org/release/doc/tei-p5-doc/en/html/REF-ATTS.html#atts" type="link" linkText="TEI Guidelines"/>
        <mapping attributeName="autoPrefix" path="http://www.tei-c.org/release/doc/tei-p5-doc/en/html/REF-ATTS.html#autoPrefix" type="link" linkText="TEI Guidelines"/>
        <mapping attributeName="baseForm" path="http://www.tei-c.org/release/doc/tei-p5-doc/en/html/REF-ATTS.html#baseForm" type="link" linkText="TEI Guidelines"/>
        <mapping attributeName="baseTypes" path="http://www.tei-c.org/release/doc/tei-p5-doc/en/html/REF-ATTS.html#baseTypes" type="link" linkText="TEI Guidelines"/>
        <mapping attributeName="break" path="http://www.tei-c.org/release/doc/tei-p5-doc/en/html/REF-ATTS.html#break" type="link" linkText="TEI Guidelines"/>
        <mapping attributeName="calendar" path="http://www.tei-c.org/release/doc/tei-p5-doc/en/html/REF-ATTS.html#calendar" type="link" linkText="TEI Guidelines"/>
        <mapping attributeName="cause" path="http://www.tei-c.org/release/doc/tei-p5-doc/en/html/REF-ATTS.html#cause" type="link" linkText="TEI Guidelines"/>
        <mapping attributeName="cert" path="http://www.tei-c.org/release/doc/tei-p5-doc/en/html/REF-ATTS.html#cert" type="link" linkText="TEI Guidelines"/>
        <mapping attributeName="change" path="http://www.tei-c.org/release/doc/tei-p5-doc/en/html/REF-ATTS.html#change" type="link" linkText="TEI Guidelines"/>
        <mapping attributeName="children" path="http://www.tei-c.org/release/doc/tei-p5-doc/en/html/REF-ATTS.html#children" type="link" linkText="TEI Guidelines"/>
        <mapping attributeName="class" path="http://www.tei-c.org/release/doc/tei-p5-doc/en/html/REF-ATTS.html#class" type="link" linkText="TEI Guidelines"/>
        <mapping attributeName="code" path="http://www.tei-c.org/release/doc/tei-p5-doc/en/html/REF-ATTS.html#code" type="link" linkText="TEI Guidelines"/>
        <mapping attributeName="cols" path="http://www.tei-c.org/release/doc/tei-p5-doc/en/html/REF-ATTS.html#cols" type="link" linkText="TEI Guidelines"/>
        <mapping attributeName="columns" path="http://www.tei-c.org/release/doc/tei-p5-doc/en/html/REF-ATTS.html#columns" type="link" linkText="TEI Guidelines"/>
        <mapping attributeName="commodity" path="http://www.tei-c.org/release/doc/tei-p5-doc/en/html/REF-ATTS.html#commodity" type="link" linkText="TEI Guidelines"/>
        <mapping attributeName="confidence" path="http://www.tei-c.org/release/doc/tei-p5-doc/en/html/REF-ATTS.html#confidence" type="link" linkText="TEI Guidelines"/>
        <mapping attributeName="contemporary" path="http://www.tei-c.org/release/doc/tei-p5-doc/en/html/REF-ATTS.html#contemporary" type="link" linkText="TEI Guidelines"/>
        <mapping attributeName="copyOf" path="http://www.tei-c.org/release/doc/tei-p5-doc/en/html/REF-ATTS.html#copyOf" type="link" linkText="TEI Guidelines"/>
        <mapping attributeName="corresp" path="http://www.tei-c.org/release/doc/tei-p5-doc/en/html/REF-ATTS.html#corresp" type="link" linkText="TEI Guidelines"/>
        <mapping attributeName="cRef" path="http://www.tei-c.org/release/doc/tei-p5-doc/en/html/REF-ATTS.html#cRef" type="link" linkText="TEI Guidelines"/>
        <mapping attributeName="datcat" path="http://www.tei-c.org/release/doc/tei-p5-doc/en/html/REF-ATTS.html#datcat" type="link" linkText="TEI Guidelines"/>
        <mapping attributeName="datingMethod" path="http://www.tei-c.org/release/doc/tei-p5-doc/en/html/REF-ATTS.html#datingMethod" type="link" linkText="TEI Guidelines"/>
        <mapping attributeName="datingPoint" path="http://www.tei-c.org/release/doc/tei-p5-doc/en/html/REF-ATTS.html#datingPoint" type="link" linkText="TEI Guidelines"/>
        <mapping attributeName="datum" path="http://www.tei-c.org/release/doc/tei-p5-doc/en/html/REF-ATTS.html#datum" type="link" linkText="TEI Guidelines"/>
        <mapping attributeName="decls" path="http://www.tei-c.org/release/doc/tei-p5-doc/en/html/REF-ATTS.html#decls" type="link" linkText="TEI Guidelines"/>
        <mapping attributeName="default" path="http://www.tei-c.org/release/doc/tei-p5-doc/en/html/REF-ATTS.html#default" type="link" linkText="TEI Guidelines"/>
        <mapping attributeName="defective" path="http://www.tei-c.org/release/doc/tei-p5-doc/en/html/REF-ATTS.html#defective" type="link" linkText="TEI Guidelines"/>
        <mapping attributeName="degree" path="http://www.tei-c.org/release/doc/tei-p5-doc/en/html/REF-ATTS.html#degree" type="link" linkText="TEI Guidelines"/>
        <mapping attributeName="delim" path="http://www.tei-c.org/release/doc/tei-p5-doc/en/html/REF-ATTS.html#delim" type="link" linkText="TEI Guidelines"/>
        <mapping attributeName="dim" path="http://www.tei-c.org/release/doc/tei-p5-doc/en/html/REF-ATTS.html#dim" type="link" linkText="TEI Guidelines"/>
        <mapping attributeName="direct" path="http://www.tei-c.org/release/doc/tei-p5-doc/en/html/REF-ATTS.html#direct" type="link" linkText="TEI Guidelines"/>
        <mapping attributeName="discrete" path="http://www.tei-c.org/release/doc/tei-p5-doc/en/html/REF-ATTS.html#discrete" type="link" linkText="TEI Guidelines"/>
        <mapping attributeName="docLang" path="http://www.tei-c.org/release/doc/tei-p5-doc/en/html/REF-ATTS.html#docLang" type="link" linkText="TEI Guidelines"/>
        <mapping attributeName="domains" path="http://www.tei-c.org/release/doc/tei-p5-doc/en/html/REF-ATTS.html#domains" type="link" linkText="TEI Guidelines"/>
        <mapping attributeName="dur" path="http://www.tei-c.org/release/doc/tei-p5-doc/en/html/REF-ATTS.html#dur" type="link" linkText="TEI Guidelines"/>
        <mapping attributeName="dur-iso" path="http://www.tei-c.org/release/doc/tei-p5-doc/en/html/REF-ATTS.html#dur-iso" type="link" linkText="TEI Guidelines"/>
        <mapping attributeName="ed" path="http://www.tei-c.org/release/doc/tei-p5-doc/en/html/REF-ATTS.html#ed" type="link" linkText="TEI Guidelines"/>
        <mapping attributeName="edRef" path="http://www.tei-c.org/release/doc/tei-p5-doc/en/html/REF-ATTS.html#edRef" type="link" linkText="TEI Guidelines"/>
        <mapping attributeName="encoding" path="http://www.tei-c.org/release/doc/tei-p5-doc/en/html/REF-ATTS.html#encoding" type="link" linkText="TEI Guidelines"/>
        <mapping attributeName="end" path="http://www.tei-c.org/release/doc/tei-p5-doc/en/html/REF-ATTS.html#end" type="link" linkText="TEI Guidelines"/>
        <mapping attributeName="enjamb" path="http://www.tei-c.org/release/doc/tei-p5-doc/en/html/REF-ATTS.html#enjamb" type="link" linkText="TEI Guidelines"/>
        <mapping attributeName="eol" path="http://www.tei-c.org/release/doc/tei-p5-doc/en/html/REF-ATTS.html#eol" type="link" linkText="TEI Guidelines"/>
        <mapping attributeName="evaluate" path="http://www.tei-c.org/release/doc/tei-p5-doc/en/html/REF-ATTS.html#evaluate" type="link" linkText="TEI Guidelines"/>
        <mapping attributeName="evidence" path="http://www.tei-c.org/release/doc/tei-p5-doc/en/html/REF-ATTS.html#evidence" type="link" linkText="TEI Guidelines"/>
        <mapping attributeName="except" path="http://www.tei-c.org/release/doc/tei-p5-doc/en/html/REF-ATTS.html#except" type="link" linkText="TEI Guidelines"/>
        <mapping attributeName="exclude" path="http://www.tei-c.org/release/doc/tei-p5-doc/en/html/REF-ATTS.html#exclude" type="link" linkText="TEI Guidelines"/>
        <mapping attributeName="expand" path="http://www.tei-c.org/release/doc/tei-p5-doc/en/html/REF-ATTS.html#expand" type="link" linkText="TEI Guidelines"/>
        <mapping attributeName="extent" path="http://www.tei-c.org/release/doc/tei-p5-doc/en/html/REF-ATTS.html#extent" type="link" linkText="TEI Guidelines"/>
        <mapping attributeName="facs" path="http://www.tei-c.org/release/doc/tei-p5-doc/en/html/REF-ATTS.html#facs" type="link" linkText="TEI Guidelines"/>
        <mapping attributeName="feats" path="http://www.tei-c.org/release/doc/tei-p5-doc/en/html/REF-ATTS.html#feats" type="link" linkText="TEI Guidelines"/>
        <mapping attributeName="feature" path="http://www.tei-c.org/release/doc/tei-p5-doc/en/html/REF-ATTS.html#feature" type="link" linkText="TEI Guidelines"/>
        <mapping attributeName="filter" path="http://www.tei-c.org/release/doc/tei-p5-doc/en/html/REF-ATTS.html#filter" type="link" linkText="TEI Guidelines"/>
        <mapping attributeName="flipping" path="http://www.tei-c.org/release/doc/tei-p5-doc/en/html/REF-ATTS.html#flipping" type="link" linkText="TEI Guidelines"/>
        <mapping attributeName="follow" path="http://www.tei-c.org/release/doc/tei-p5-doc/en/html/REF-ATTS.html#follow" type="link" linkText="TEI Guidelines"/>
        <mapping attributeName="force" path="http://www.tei-c.org/release/doc/tei-p5-doc/en/html/REF-ATTS.html#force" type="link" linkText="TEI Guidelines"/>
        <mapping attributeName="form" path="http://www.tei-c.org/release/doc/tei-p5-doc/en/html/REF-ATTS.html#form" type="link" linkText="TEI Guidelines"/>
        <mapping attributeName="from" path="http://www.tei-c.org/release/doc/tei-p5-doc/en/html/REF-ATTS.html#from" type="link" linkText="TEI Guidelines"/>
        <mapping attributeName="from-custom" path="http://www.tei-c.org/release/doc/tei-p5-doc/en/html/REF-ATTS.html#from-custom" type="link" linkText="TEI Guidelines"/>
        <mapping attributeName="from-iso" path="http://www.tei-c.org/release/doc/tei-p5-doc/en/html/REF-ATTS.html#from-iso" type="link" linkText="TEI Guidelines"/>
        <mapping attributeName="full" path="http://www.tei-c.org/release/doc/tei-p5-doc/en/html/REF-ATTS.html#full" type="link" linkText="TEI Guidelines"/>
        <mapping attributeName="function" path="http://www.tei-c.org/release/doc/tei-p5-doc/en/html/REF-ATTS.html#function" type="link" linkText="TEI Guidelines"/>
        <mapping attributeName="fVal" path="http://www.tei-c.org/release/doc/tei-p5-doc/en/html/REF-ATTS.html#fVal" type="link" linkText="TEI Guidelines"/>
        <mapping attributeName="generate" path="http://www.tei-c.org/release/doc/tei-p5-doc/en/html/REF-ATTS.html#generate" type="link" linkText="TEI Guidelines"/>
        <mapping attributeName="gi" path="http://www.tei-c.org/release/doc/tei-p5-doc/en/html/REF-ATTS.html#gi" type="link" linkText="TEI Guidelines"/>
        <mapping attributeName="given" path="http://www.tei-c.org/release/doc/tei-p5-doc/en/html/REF-ATTS.html#given" type="link" linkText="TEI Guidelines"/>
        <mapping attributeName="gradual" path="http://www.tei-c.org/release/doc/tei-p5-doc/en/html/REF-ATTS.html#gradual" type="link" linkText="TEI Guidelines"/>
        <mapping attributeName="group" path="http://www.tei-c.org/release/doc/tei-p5-doc/en/html/REF-ATTS.html#group" type="link" linkText="TEI Guidelines"/>
        <mapping attributeName="hand" path="http://www.tei-c.org/release/doc/tei-p5-doc/en/html/REF-ATTS.html#hand" type="link" linkText="TEI Guidelines"/>
        <mapping attributeName="hands" path="http://www.tei-c.org/release/doc/tei-p5-doc/en/html/REF-ATTS.html#hands" type="link" linkText="TEI Guidelines"/>
        <mapping attributeName="height" path="http://www.tei-c.org/release/doc/tei-p5-doc/en/html/REF-ATTS.html#height" type="link" linkText="TEI Guidelines"/>
        <mapping attributeName="ident" path="http://www.tei-c.org/release/doc/tei-p5-doc/en/html/REF-ATTS.html#ident" type="link" linkText="TEI Guidelines"/>
        <mapping attributeName="include" path="http://www.tei-c.org/release/doc/tei-p5-doc/en/html/REF-ATTS.html#include" type="link" linkText="TEI Guidelines"/>
        <mapping attributeName="inDegree" path="http://www.tei-c.org/release/doc/tei-p5-doc/en/html/REF-ATTS.html#inDegree" type="link" linkText="TEI Guidelines"/>
        <mapping attributeName="indexName" path="http://www.tei-c.org/release/doc/tei-p5-doc/en/html/REF-ATTS.html#indexName" type="link" linkText="TEI Guidelines"/>
        <mapping attributeName="inst" path="http://www.tei-c.org/release/doc/tei-p5-doc/en/html/REF-ATTS.html#inst" type="link" linkText="TEI Guidelines"/>
        <mapping attributeName="instant" path="http://www.tei-c.org/release/doc/tei-p5-doc/en/html/REF-ATTS.html#instant" type="link" linkText="TEI Guidelines"/>
        <mapping attributeName="interval" path="http://www.tei-c.org/release/doc/tei-p5-doc/en/html/REF-ATTS.html#interval" type="link" linkText="TEI Guidelines"/>
        <mapping attributeName="iterated" path="http://www.tei-c.org/release/doc/tei-p5-doc/en/html/REF-ATTS.html#iterated" type="link" linkText="TEI Guidelines"/>
        <mapping attributeName="key" path="http://www.tei-c.org/release/doc/tei-p5-doc/en/html/REF-ATTS.html#key" type="link" linkText="TEI Guidelines"/>
        <mapping attributeName="label" path="http://www.tei-c.org/release/doc/tei-p5-doc/en/html/REF-ATTS.html#label" type="link" linkText="TEI Guidelines"/>
        <mapping attributeName="lang" path="http://www.tei-c.org/release/doc/tei-p5-doc/en/html/REF-ATTS.html#lang" type="link" linkText="TEI Guidelines"/>
        <mapping attributeName="lemma" path="http://www.tei-c.org/release/doc/tei-p5-doc/en/html/REF-ATTS.html#lemma" type="link" linkText="TEI Guidelines"/>
        <mapping attributeName="lemmaRef" path="http://www.tei-c.org/release/doc/tei-p5-doc/en/html/REF-ATTS.html#lemmaRef" type="link" linkText="TEI Guidelines"/>
        <mapping attributeName="length" path="http://www.tei-c.org/release/doc/tei-p5-doc/en/html/REF-ATTS.html#length" type="link" linkText="TEI Guidelines"/>
        <mapping attributeName="level" path="http://www.tei-c.org/release/doc/tei-p5-doc/en/html/REF-ATTS.html#level" type="link" linkText="TEI Guidelines"/>
        <mapping attributeName="loc" path="http://www.tei-c.org/release/doc/tei-p5-doc/en/html/REF-ATTS.html#loc" type="link" linkText="TEI Guidelines"/>
        <mapping attributeName="location" path="http://www.tei-c.org/release/doc/tei-p5-doc/en/html/REF-ATTS.html#location" type="link" linkText="TEI Guidelines"/>
        <mapping attributeName="locus" path="http://www.tei-c.org/release/doc/tei-p5-doc/en/html/REF-ATTS.html#locus" type="link" linkText="TEI Guidelines"/>
        <mapping attributeName="lrx" path="http://www.tei-c.org/release/doc/tei-p5-doc/en/html/REF-ATTS.html#lrx" type="link" linkText="TEI Guidelines"/>
        <mapping attributeName="lry" path="http://www.tei-c.org/release/doc/tei-p5-doc/en/html/REF-ATTS.html#lry" type="link" linkText="TEI Guidelines"/>
        <mapping attributeName="mainLang" path="http://www.tei-c.org/release/doc/tei-p5-doc/en/html/REF-ATTS.html#mainLang" type="link" linkText="TEI Guidelines"/>
        <mapping attributeName="marks" path="http://www.tei-c.org/release/doc/tei-p5-doc/en/html/REF-ATTS.html#marks" type="link" linkText="TEI Guidelines"/>
        <mapping attributeName="match" path="http://www.tei-c.org/release/doc/tei-p5-doc/en/html/REF-ATTS.html#match" type="link" linkText="TEI Guidelines"/>
        <mapping attributeName="matchPattern" path="http://www.tei-c.org/release/doc/tei-p5-doc/en/html/REF-ATTS.html#matchPattern" type="link" linkText="TEI Guidelines"/>
        <mapping attributeName="material" path="http://www.tei-c.org/release/doc/tei-p5-doc/en/html/REF-ATTS.html#material" type="link" linkText="TEI Guidelines"/>
        <mapping attributeName="max" path="http://www.tei-c.org/release/doc/tei-p5-doc/en/html/REF-ATTS.html#max" type="link" linkText="TEI Guidelines"/>
        <mapping attributeName="maxOccurs" path="http://www.tei-c.org/release/doc/tei-p5-doc/en/html/REF-ATTS.html#maxOccurs" type="link" linkText="TEI Guidelines"/>
        <mapping attributeName="medium" path="http://www.tei-c.org/release/doc/tei-p5-doc/en/html/REF-ATTS.html#medium" type="link" linkText="TEI Guidelines"/>
        <mapping attributeName="mergedIn" path="http://www.tei-c.org/release/doc/tei-p5-doc/en/html/REF-ATTS.html#mergedIn" type="link" linkText="TEI Guidelines"/>
        <mapping attributeName="met" path="http://www.tei-c.org/release/doc/tei-p5-doc/en/html/REF-ATTS.html#met" type="link" linkText="TEI Guidelines"/>
        <mapping attributeName="method" path="http://www.tei-c.org/release/doc/tei-p5-doc/en/html/REF-ATTS.html#method" type="link" linkText="TEI Guidelines"/>
        <mapping attributeName="mimeType" path="http://www.tei-c.org/release/doc/tei-p5-doc/en/html/REF-ATTS.html#mimeType" type="link" linkText="TEI Guidelines"/>
        <mapping attributeName="min" path="http://www.tei-c.org/release/doc/tei-p5-doc/en/html/REF-ATTS.html#min" type="link" linkText="TEI Guidelines"/>
        <mapping attributeName="minOccurs" path="http://www.tei-c.org/release/doc/tei-p5-doc/en/html/REF-ATTS.html#minOccurs" type="link" linkText="TEI Guidelines"/>
        <mapping attributeName="mode" path="http://www.tei-c.org/release/doc/tei-p5-doc/en/html/REF-ATTS.html#mode" type="link" linkText="TEI Guidelines"/>
        <mapping attributeName="module" path="http://www.tei-c.org/release/doc/tei-p5-doc/en/html/REF-ATTS.html#module" type="link" linkText="TEI Guidelines"/>
        <mapping attributeName="mutual" path="http://www.tei-c.org/release/doc/tei-p5-doc/en/html/REF-ATTS.html#mutual" type="link" linkText="TEI Guidelines"/>
        <mapping attributeName="n" path="http://www.tei-c.org/release/doc/tei-p5-doc/en/html/REF-ATTS.html#n" type="link" linkText="TEI Guidelines"/>
        <mapping attributeName="name" path="http://www.tei-c.org/release/doc/tei-p5-doc/en/html/REF-ATTS.html#name" type="link" linkText="TEI Guidelines"/>
        <mapping attributeName="new" path="http://www.tei-c.org/release/doc/tei-p5-doc/en/html/REF-ATTS.html#new" type="link" linkText="TEI Guidelines"/>
        <mapping attributeName="next" path="http://www.tei-c.org/release/doc/tei-p5-doc/en/html/REF-ATTS.html#next" type="link" linkText="TEI Guidelines"/>
        <mapping attributeName="norm" path="http://www.tei-c.org/release/doc/tei-p5-doc/en/html/REF-ATTS.html#norm" type="link" linkText="TEI Guidelines"/>
        <mapping attributeName="notAfter" path="http://www.tei-c.org/release/doc/tei-p5-doc/en/html/REF-ATTS.html#notAfter" type="link" linkText="TEI Guidelines"/>
        <mapping attributeName="notAfter-custom" path="http://www.tei-c.org/release/doc/tei-p5-doc/en/html/REF-ATTS.html#notAfter-custom" type="link" linkText="TEI Guidelines"/>
        <mapping attributeName="notAfter-iso" path="http://www.tei-c.org/release/doc/tei-p5-doc/en/html/REF-ATTS.html#notAfter-iso" type="link" linkText="TEI Guidelines"/>
        <mapping attributeName="notation" path="http://www.tei-c.org/release/doc/tei-p5-doc/en/html/REF-ATTS.html#notation" type="link" linkText="TEI Guidelines"/>
        <mapping attributeName="notBefore" path="http://www.tei-c.org/release/doc/tei-p5-doc/en/html/REF-ATTS.html#notBefore" type="link" linkText="TEI Guidelines"/>
        <mapping attributeName="notBefore-custom" path="http://www.tei-c.org/release/doc/tei-p5-doc/en/html/REF-ATTS.html#notBefore-custom" type="link" linkText="TEI Guidelines"/>
        <mapping attributeName="notBefore-iso" path="http://www.tei-c.org/release/doc/tei-p5-doc/en/html/REF-ATTS.html#notBefore-iso" type="link" linkText="TEI Guidelines"/>
        <mapping attributeName="ns" path="http://www.tei-c.org/release/doc/tei-p5-doc/en/html/REF-ATTS.html#ns" type="link" linkText="TEI Guidelines"/>
        <mapping attributeName="nymRef" path="http://www.tei-c.org/release/doc/tei-p5-doc/en/html/REF-ATTS.html#nymRef" type="link" linkText="TEI Guidelines"/>
        <mapping attributeName="occurs" path="http://www.tei-c.org/release/doc/tei-p5-doc/en/html/REF-ATTS.html#occurs" type="link" linkText="TEI Guidelines"/>
        <mapping attributeName="opt" path="http://www.tei-c.org/release/doc/tei-p5-doc/en/html/REF-ATTS.html#opt" type="link" linkText="TEI Guidelines"/>
        <mapping attributeName="optional" path="http://www.tei-c.org/release/doc/tei-p5-doc/en/html/REF-ATTS.html#optional" type="link" linkText="TEI Guidelines"/>
        <mapping attributeName="ord" path="http://www.tei-c.org/release/doc/tei-p5-doc/en/html/REF-ATTS.html#ord" type="link" linkText="TEI Guidelines"/>
        <mapping attributeName="order" path="http://www.tei-c.org/release/doc/tei-p5-doc/en/html/REF-ATTS.html#order" type="link" linkText="TEI Guidelines"/>
        <mapping attributeName="ordered" path="http://www.tei-c.org/release/doc/tei-p5-doc/en/html/REF-ATTS.html#ordered" type="link" linkText="TEI Guidelines"/>
        <mapping attributeName="org" path="http://www.tei-c.org/release/doc/tei-p5-doc/en/html/REF-ATTS.html#org" type="link" linkText="TEI Guidelines"/>
        <mapping attributeName="orig" path="http://www.tei-c.org/release/doc/tei-p5-doc/en/html/REF-ATTS.html#orig" type="link" linkText="TEI Guidelines"/>
        <mapping attributeName="origin" path="http://www.tei-c.org/release/doc/tei-p5-doc/en/html/REF-ATTS.html#origin" type="link" linkText="TEI Guidelines"/>
        <mapping attributeName="otherLangs" path="http://www.tei-c.org/release/doc/tei-p5-doc/en/html/REF-ATTS.html#otherLangs" type="link" linkText="TEI Guidelines"/>
        <mapping attributeName="outDegree" path="http://www.tei-c.org/release/doc/tei-p5-doc/en/html/REF-ATTS.html#outDegree" type="link" linkText="TEI Guidelines"/>
        <mapping attributeName="parent" path="http://www.tei-c.org/release/doc/tei-p5-doc/en/html/REF-ATTS.html#parent" type="link" linkText="TEI Guidelines"/>
        <mapping attributeName="part" path="http://www.tei-c.org/release/doc/tei-p5-doc/en/html/REF-ATTS.html#part" type="link" linkText="TEI Guidelines"/>
        <mapping attributeName="parts" path="http://www.tei-c.org/release/doc/tei-p5-doc/en/html/REF-ATTS.html#parts" type="link" linkText="TEI Guidelines"/>
        <mapping attributeName="passive" path="http://www.tei-c.org/release/doc/tei-p5-doc/en/html/REF-ATTS.html#passive" type="link" linkText="TEI Guidelines"/>
        <mapping attributeName="pattern" path="http://www.tei-c.org/release/doc/tei-p5-doc/en/html/REF-ATTS.html#pattern" type="link" linkText="TEI Guidelines"/>
        <mapping attributeName="perf" path="http://www.tei-c.org/release/doc/tei-p5-doc/en/html/REF-ATTS.html#perf" type="link" linkText="TEI Guidelines"/>
        <mapping attributeName="period" path="http://www.tei-c.org/release/doc/tei-p5-doc/en/html/REF-ATTS.html#period" type="link" linkText="TEI Guidelines"/>
        <mapping attributeName="place" path="http://www.tei-c.org/release/doc/tei-p5-doc/en/html/REF-ATTS.html#place" type="link" linkText="TEI Guidelines"/>
        <mapping attributeName="points" path="http://www.tei-c.org/release/doc/tei-p5-doc/en/html/REF-ATTS.html#points" type="link" linkText="TEI Guidelines"/>
        <mapping attributeName="pre" path="http://www.tei-c.org/release/doc/tei-p5-doc/en/html/REF-ATTS.html#pre" type="link" linkText="TEI Guidelines"/>
        <mapping attributeName="precision" path="http://www.tei-c.org/release/doc/tei-p5-doc/en/html/REF-ATTS.html#precision" type="link" linkText="TEI Guidelines"/>
        <mapping attributeName="predeclare" path="http://www.tei-c.org/release/doc/tei-p5-doc/en/html/REF-ATTS.html#predeclare" type="link" linkText="TEI Guidelines"/>
        <mapping attributeName="prefix" path="http://www.tei-c.org/release/doc/tei-p5-doc/en/html/REF-ATTS.html#prefix" type="link" linkText="TEI Guidelines"/>
        <mapping attributeName="prev" path="http://www.tei-c.org/release/doc/tei-p5-doc/en/html/REF-ATTS.html#prev" type="link" linkText="TEI Guidelines"/>
        <mapping attributeName="quantity" path="http://www.tei-c.org/release/doc/tei-p5-doc/en/html/REF-ATTS.html#quantity" type="link" linkText="TEI Guidelines"/>
        <mapping attributeName="real" path="http://www.tei-c.org/release/doc/tei-p5-doc/en/html/REF-ATTS.html#real" type="link" linkText="TEI Guidelines"/>
        <mapping attributeName="reason" path="http://www.tei-c.org/release/doc/tei-p5-doc/en/html/REF-ATTS.html#reason" type="link" linkText="TEI Guidelines"/>
        <mapping attributeName="ref" path="http://www.tei-c.org/release/doc/tei-p5-doc/en/html/REF-ATTS.html#ref" type="link" linkText="TEI Guidelines"/>
        <mapping attributeName="rend" path="http://www.tei-c.org/release/doc/tei-p5-doc/en/html/REF-ATTS.html#rend" type="link" linkText="TEI Guidelines"/>
        <mapping attributeName="render" path="http://www.tei-c.org/release/doc/tei-p5-doc/en/html/REF-ATTS.html#render" type="link" linkText="TEI Guidelines"/>
        <mapping attributeName="rendition" path="http://www.tei-c.org/release/doc/tei-p5-doc/en/html/REF-ATTS.html#rendition" type="link" linkText="TEI Guidelines"/>
        <mapping attributeName="replacementPattern" path="http://www.tei-c.org/release/doc/tei-p5-doc/en/html/REF-ATTS.html#replacementPattern" type="link" linkText="TEI Guidelines"/>
        <mapping attributeName="resp" path="http://www.tei-c.org/release/doc/tei-p5-doc/en/html/REF-ATTS.html#resp" type="link" linkText="TEI Guidelines"/>
        <mapping attributeName="result" path="http://www.tei-c.org/release/doc/tei-p5-doc/en/html/REF-ATTS.html#result" type="link" linkText="TEI Guidelines"/>
        <mapping attributeName="rhyme" path="http://www.tei-c.org/release/doc/tei-p5-doc/en/html/REF-ATTS.html#rhyme" type="link" linkText="TEI Guidelines"/>
        <mapping attributeName="role" path="http://www.tei-c.org/release/doc/tei-p5-doc/en/html/REF-ATTS.html#role" type="link" linkText="TEI Guidelines"/>
        <mapping attributeName="rotate" path="http://www.tei-c.org/release/doc/tei-p5-doc/en/html/REF-ATTS.html#rotate" type="link" linkText="TEI Guidelines"/>
        <mapping attributeName="rows" path="http://www.tei-c.org/release/doc/tei-p5-doc/en/html/REF-ATTS.html#rows" type="link" linkText="TEI Guidelines"/>
        <mapping attributeName="ruledLines" path="http://www.tei-c.org/release/doc/tei-p5-doc/en/html/REF-ATTS.html#ruledLines" type="link" linkText="TEI Guidelines"/>
        <mapping attributeName="sameAs" path="http://www.tei-c.org/release/doc/tei-p5-doc/en/html/REF-ATTS.html#sameAs" type="link" linkText="TEI Guidelines"/>
        <mapping attributeName="sample" path="http://www.tei-c.org/release/doc/tei-p5-doc/en/html/REF-ATTS.html#sample" type="link" linkText="TEI Guidelines"/>
        <mapping attributeName="scale" path="http://www.tei-c.org/release/doc/tei-p5-doc/en/html/REF-ATTS.html#scale" type="link" linkText="TEI Guidelines"/>
        <mapping attributeName="scheme" path="http://www.tei-c.org/release/doc/tei-p5-doc/en/html/REF-ATTS.html#scheme" type="link" linkText="TEI Guidelines"/>
        <mapping attributeName="scope" path="http://www.tei-c.org/release/doc/tei-p5-doc/en/html/REF-ATTS.html#scope" type="link" linkText="TEI Guidelines"/>
        <mapping attributeName="scribe" path="http://www.tei-c.org/release/doc/tei-p5-doc/en/html/REF-ATTS.html#scribe" type="link" linkText="TEI Guidelines"/>
        <mapping attributeName="scribeRef" path="http://www.tei-c.org/release/doc/tei-p5-doc/en/html/REF-ATTS.html#scribeRef" type="link" linkText="TEI Guidelines"/>
        <mapping attributeName="script" path="http://www.tei-c.org/release/doc/tei-p5-doc/en/html/REF-ATTS.html#script" type="link" linkText="TEI Guidelines"/>
        <mapping attributeName="scriptRef" path="http://www.tei-c.org/release/doc/tei-p5-doc/en/html/REF-ATTS.html#scriptRef" type="link" linkText="TEI Guidelines"/>
        <mapping attributeName="select" path="http://www.tei-c.org/release/doc/tei-p5-doc/en/html/REF-ATTS.html#select" type="link" linkText="TEI Guidelines"/>
        <mapping attributeName="seq" path="http://www.tei-c.org/release/doc/tei-p5-doc/en/html/REF-ATTS.html#seq" type="link" linkText="TEI Guidelines"/>
        <mapping attributeName="sex" path="http://www.tei-c.org/release/doc/tei-p5-doc/en/html/REF-ATTS.html#sex" type="link" linkText="TEI Guidelines"/>
        <mapping attributeName="since" path="http://www.tei-c.org/release/doc/tei-p5-doc/en/html/REF-ATTS.html#since" type="link" linkText="TEI Guidelines"/>
        <mapping attributeName="size" path="http://www.tei-c.org/release/doc/tei-p5-doc/en/html/REF-ATTS.html#size" type="link" linkText="TEI Guidelines"/>
        <mapping attributeName="social" path="http://www.tei-c.org/release/doc/tei-p5-doc/en/html/REF-ATTS.html#social" type="link" linkText="TEI Guidelines"/>
        <mapping attributeName="sort" path="http://www.tei-c.org/release/doc/tei-p5-doc/en/html/REF-ATTS.html#sort" type="link" linkText="TEI Guidelines"/>
        <mapping attributeName="sortKey" path="http://www.tei-c.org/release/doc/tei-p5-doc/en/html/REF-ATTS.html#sortKey" type="link" linkText="TEI Guidelines"/>
        <mapping attributeName="source" path="http://www.tei-c.org/release/doc/tei-p5-doc/en/html/REF-ATTS.html#source" type="link" linkText="TEI Guidelines"/>
        <mapping attributeName="space" path="http://www.tei-c.org/release/doc/tei-p5-doc/en/html/REF-ATTS.html#space" type="link" linkText="TEI Guidelines"/>
        <mapping attributeName="spanTo" path="http://www.tei-c.org/release/doc/tei-p5-doc/en/html/REF-ATTS.html#spanTo" type="link" linkText="TEI Guidelines"/>
        <mapping attributeName="split" path="http://www.tei-c.org/release/doc/tei-p5-doc/en/html/REF-ATTS.html#split" type="link" linkText="TEI Guidelines"/>
        <mapping attributeName="start" path="http://www.tei-c.org/release/doc/tei-p5-doc/en/html/REF-ATTS.html#start" type="link" linkText="TEI Guidelines"/>
        <mapping attributeName="status" path="http://www.tei-c.org/release/doc/tei-p5-doc/en/html/REF-ATTS.html#status" type="link" linkText="TEI Guidelines"/>
        <mapping attributeName="stdDeviation" path="http://www.tei-c.org/release/doc/tei-p5-doc/en/html/REF-ATTS.html#stdDeviation" type="link" linkText="TEI Guidelines"/>
        <mapping attributeName="style" path="http://www.tei-c.org/release/doc/tei-p5-doc/en/html/REF-ATTS.html#style" type="link" linkText="TEI Guidelines"/>
        <mapping attributeName="subtype" path="http://www.tei-c.org/release/doc/tei-p5-doc/en/html/REF-ATTS.html#subtype" type="link" linkText="TEI Guidelines"/>
        <mapping attributeName="synch" path="http://www.tei-c.org/release/doc/tei-p5-doc/en/html/REF-ATTS.html#synch" type="link" linkText="TEI Guidelines"/>
        <mapping attributeName="tag" path="http://www.tei-c.org/release/doc/tei-p5-doc/en/html/REF-ATTS.html#tag" type="link" linkText="TEI Guidelines"/>
        <mapping attributeName="tags" path="http://www.tei-c.org/release/doc/tei-p5-doc/en/html/REF-ATTS.html#tags" type="link" linkText="TEI Guidelines"/>
        <mapping attributeName="target" path="http://www.tei-c.org/release/doc/tei-p5-doc/en/html/REF-ATTS.html#target" type="link" linkText="TEI Guidelines"/>
        <mapping attributeName="targetEnd" path="http://www.tei-c.org/release/doc/tei-p5-doc/en/html/REF-ATTS.html#targetEnd" type="link" linkText="TEI Guidelines"/>
        <mapping attributeName="targetLang" path="http://www.tei-c.org/release/doc/tei-p5-doc/en/html/REF-ATTS.html#targetLang" type="link" linkText="TEI Guidelines"/>
        <mapping attributeName="targets" path="http://www.tei-c.org/release/doc/tei-p5-doc/en/html/REF-ATTS.html#targets" type="link" linkText="TEI Guidelines"/>
        <mapping attributeName="targFunc" path="http://www.tei-c.org/release/doc/tei-p5-doc/en/html/REF-ATTS.html#targFunc" type="link" linkText="TEI Guidelines"/>
        <mapping attributeName="terminal" path="http://www.tei-c.org/release/doc/tei-p5-doc/en/html/REF-ATTS.html#terminal" type="link" linkText="TEI Guidelines"/>
        <mapping attributeName="time" path="http://www.tei-c.org/release/doc/tei-p5-doc/en/html/REF-ATTS.html#time" type="link" linkText="TEI Guidelines"/>
        <mapping attributeName="to" path="http://www.tei-c.org/release/doc/tei-p5-doc/en/html/REF-ATTS.html#to" type="link" linkText="TEI Guidelines"/>
        <mapping attributeName="to-custom" path="http://www.tei-c.org/release/doc/tei-p5-doc/en/html/REF-ATTS.html#to-custom" type="link" linkText="TEI Guidelines"/>
        <mapping attributeName="to-iso" path="http://www.tei-c.org/release/doc/tei-p5-doc/en/html/REF-ATTS.html#to-iso" type="link" linkText="TEI Guidelines"/>
        <mapping attributeName="trans" path="http://www.tei-c.org/release/doc/tei-p5-doc/en/html/REF-ATTS.html#trans" type="link" linkText="TEI Guidelines"/>
        <mapping attributeName="trunc" path="http://www.tei-c.org/release/doc/tei-p5-doc/en/html/REF-ATTS.html#trunc" type="link" linkText="TEI Guidelines"/>
        <mapping attributeName="type" path="http://www.tei-c.org/release/doc/tei-p5-doc/en/html/REF-ATTS.html#type" type="link" linkText="TEI Guidelines"/>
        <mapping attributeName="ulx" path="http://www.tei-c.org/release/doc/tei-p5-doc/en/html/REF-ATTS.html#ulx" type="link" linkText="TEI Guidelines"/>
        <mapping attributeName="uly" path="http://www.tei-c.org/release/doc/tei-p5-doc/en/html/REF-ATTS.html#uly" type="link" linkText="TEI Guidelines"/>
        <mapping attributeName="unit" path="http://www.tei-c.org/release/doc/tei-p5-doc/en/html/REF-ATTS.html#unit" type="link" linkText="TEI Guidelines"/>
        <mapping attributeName="uri" path="http://www.tei-c.org/release/doc/tei-p5-doc/en/html/REF-ATTS.html#uri" type="link" linkText="TEI Guidelines"/>
        <mapping attributeName="url" path="http://www.tei-c.org/release/doc/tei-p5-doc/en/html/REF-ATTS.html#url" type="link" linkText="TEI Guidelines"/>
        <mapping attributeName="usage" path="http://www.tei-c.org/release/doc/tei-p5-doc/en/html/REF-ATTS.html#usage" type="link" linkText="TEI Guidelines"/>
        <mapping attributeName="valid" path="http://www.tei-c.org/release/doc/tei-p5-doc/en/html/REF-ATTS.html#valid" type="link" linkText="TEI Guidelines"/>
        <mapping attributeName="value" path="http://www.tei-c.org/release/doc/tei-p5-doc/en/html/REF-ATTS.html#value" type="link" linkText="TEI Guidelines"/>
        <mapping attributeName="valueDatcat" path="http://www.tei-c.org/release/doc/tei-p5-doc/en/html/REF-ATTS.html#valueDatcat" type="link" linkText="TEI Guidelines"/>
        <mapping attributeName="varSeq" path="http://www.tei-c.org/release/doc/tei-p5-doc/en/html/REF-ATTS.html#varSeq" type="link" linkText="TEI Guidelines"/>
        <mapping attributeName="version" path="http://www.tei-c.org/release/doc/tei-p5-doc/en/html/REF-ATTS.html#version" type="link" linkText="TEI Guidelines"/>
        <mapping attributeName="versionDate" path="http://www.tei-c.org/release/doc/tei-p5-doc/en/html/REF-ATTS.html#versionDate" type="link" linkText="TEI Guidelines"/>
        <mapping attributeName="weights" path="http://www.tei-c.org/release/doc/tei-p5-doc/en/html/REF-ATTS.html#weights" type="link" linkText="TEI Guidelines"/>
        <mapping attributeName="when" path="http://www.tei-c.org/release/doc/tei-p5-doc/en/html/REF-ATTS.html#when" type="link" linkText="TEI Guidelines"/>
        <mapping attributeName="when-custom" path="http://www.tei-c.org/release/doc/tei-p5-doc/en/html/REF-ATTS.html#when-custom" type="link" linkText="TEI Guidelines"/>
        <mapping attributeName="when-iso" path="http://www.tei-c.org/release/doc/tei-p5-doc/en/html/REF-ATTS.html#when-iso" type="link" linkText="TEI Guidelines"/>
        <mapping attributeName="where" path="http://www.tei-c.org/release/doc/tei-p5-doc/en/html/REF-ATTS.html#where" type="link" linkText="TEI Guidelines"/>
        <mapping attributeName="who" path="http://www.tei-c.org/release/doc/tei-p5-doc/en/html/REF-ATTS.html#who" type="link" linkText="TEI Guidelines"/>
        <mapping attributeName="width" path="http://www.tei-c.org/release/doc/tei-p5-doc/en/html/REF-ATTS.html#width" type="link" linkText="TEI Guidelines"/>
        <mapping attributeName="wit" path="http://www.tei-c.org/release/doc/tei-p5-doc/en/html/REF-ATTS.html#wit" type="link" linkText="TEI Guidelines"/>
        <mapping attributeName="withId" path="http://www.tei-c.org/release/doc/tei-p5-doc/en/html/REF-ATTS.html#withId" type="link" linkText="TEI Guidelines"/>
        <mapping attributeName="writtenLines" path="http://www.tei-c.org/release/doc/tei-p5-doc/en/html/REF-ATTS.html#writtenLines" type="link" linkText="TEI Guidelines"/>
        <mapping attributeName="xml:base" path="http://www.tei-c.org/release/doc/tei-p5-doc/en/html/REF-ATTS.html#xml_base" type="link" linkText="TEI Guidelines"/>
        <mapping attributeName="xml:id" path="http://www.tei-c.org/release/doc/tei-p5-doc/en/html/REF-ATTS.html#xml_id" type="link" linkText="TEI Guidelines"/>
        <mapping attributeName="xml:lang" path="http://www.tei-c.org/release/doc/tei-p5-doc/en/html/REF-ATTS.html#xml_lang" type="link" linkText="TEI Guidelines"/>
        <mapping attributeName="xml:space" path="http://www.tei-c.org/release/doc/tei-p5-doc/en/html/REF-ATTS.html#xml_space" type="link" linkText="TEI Guidelines"/>
    </mappingGroup>
</contentCompletionElementsMap>
