<?xml version="1.0" encoding="utf-8"?>
<project basedir="." name="jtei-pdf" 
  xmlns:if="ant:if" xmlns:unless="ant:unless">

  <taskdef name="fop"
    classname="org.apache.fop.tools.anttasks.Fop"/>
   
  <!-- note: following properties are passed as parameters via Oxygen:
      -${cfd}:  current file directory path (i.e. where the source XML document lives)
      -${dest.file.basename}: base file name of the article (everything before -(source|layout)
      -${transformations.base}: location of the stylesheets folder 
  -->
  <property name="echo.separator" value="************************************************"/>
  <!-- can be overridden by passing it as parameter at project/framework level --> 
  <property name="transformations.base" value="${pd}/transformations"/>
  <property name="fop.config" value="fonts.conf.xml"/>
  
  <target name="transform-fo">
    <delete file="${cfd}/${dest.file.basename}.fo"/>
    <java classname="net.sf.saxon.Transform">
      <arg value="-target:HE"/>
      <arg value="-s:${cfd}/${cfne}"/>
      <arg value="-xsl:${transformations.base}/pdf/to.xsl"/> 
      <arg value="-o:${cfd}/${dest.file.basename}.fo"/>
    </java>
  </target>
  
  <target name="transform-pdf" depends="transform-fo">
    <fop format="application/pdf"
      fofile="${cfd}/${dest.file.basename}.fo"
      outfile="${cfd}/${dest.file.basename}.pdf" 
      userconfig="${fop.config}"/>
    <delete file="${cfd}/${dest.file.basename}.fo"/>
  </target>
    
</project>