<?xml version="1.0" encoding="utf-8"?>
<project basedir="." default="dist" name="tcptei">
  <!--
	This library is free software; you can redistribute it and/or
	modify it under the terms of the GNU Lesser General Public
	License as published by the Free Software Foundation; either
	version 2.1 of the License, or (at your option) any later version.
	
	This library is distributed in the hope that it will be useful,
	but WITHOUT ANY WARRANTY; without even the implied warranty of
	MERCHANTABILITY or FITNESS FOR A PARTICULAR PURPOSE.  See the GNU
	Lesser General Public License for more details.
	
	You should have received a copy of the GNU Lesser General Public
	License along with this library; if not, write to the Free Software
	Foundation, Inc., 59 Temple Place, Suite 330, Boston, MA  02111-1307  USA
	
        Id: $Id: build-from.xml 9316 2011-09-13 08:06:05Z rahtz $
        Copyright: 2011, TEI Consortium<
-->
  <!--
 Convert TCP files to TEI documents.
 -->
  <!-- Path to TCP file. -->
  <property name="inputFile" value=""/>
  <!-- Path where the output TEI file will be saved. -->
  <property name="outputFile" value=""/>
  <!-- which profile -->
  <property name="profile" value="default"/>
  <!-- which language -->
  <property name="lang" value="en"/>
  <property name="catalogfile" value="../catalog.xml"/>
  <!-- where does oxygen keep stuff -->
  <property name="oxygenlib" value=""/>
  <!-- Stylesheet for transformation -->
  <property name="tcptotei" value="${profiledir}/${profile}/tcp/from.xsl"/>
  <dirname property="inputFileDir" file="${inputFile}"/>
  <dirname property="outputDir" file="${outputFile}"/>
  <property name="outputTempDir" value="${outputDir}/temp-dir-for-ant"/>
  <path id="classpath">
    <pathelement path="${java.class.path}"/>
  </path>
  <target name="setup">
    <!-- Recreate temporary output directory -->
    <delete dir="${outputTempDir}"/>
    <mkdir dir="${outputTempDir}"/>
  </target>
  <target name="dist" depends="convert,cleanup"/>
  <target name="convert" depends="setup">
    <basename property="ID" file="${inputFile}" suffix=".xml"/>
    <xslt force="yes" style="${tcptotei}" in="${inputFile}" out="${outputFile}">
      <xmlcatalog>
        <catalogpath>
          <pathelement location="$catalogfile"/>
        </catalogpath>
      </xmlcatalog>
      <factory name="net.sf.saxon.TransformerFactoryImpl"/>
      <param name="ID" expression="${ID}"/>
    </xslt>
  </target>
  <target name="cleanup" unless="debug">
    <delete dir="${outputTempDir}"/>
  </target>
</project>
